Workbook
Name Anders: Opzoekblad!$O$3:$O$12
Name Bestuur: Opzoekblad!$F$3:$F$4
Name Bestuurscommissie: Opzoekblad!$J$3:$J$12
Name BIO: Opzoekblad!$Q$4:$Q$34
Name Geleding: Opzoekblad!$D$3:$D$11
Name Kring: Opzoekblad!$I$3:$I$8
Name Kringcoördinatie: Opzoekblad!$H$3:$H$9
Name NASK1: Opzoekblad!$S$3:$S$16
Name NASK2: Opzoekblad!$U$3:$U$16
Name NAT: Opzoekblad!$R$3:$R$15
Name Redactie: Opzoekblad!$L$3:$L$4
Name SCH: Opzoekblad!$T$3:$T$15
Name Sectie: Opzoekblad!$G$3:$G$9
Name TOA: Opzoekblad!$V$3:$V$15
Name Werkgroep: Opzoekblad!$N$3:$N$4

Sheet Instructie
A1: Instructie voor het invullen Reiskostenformulier en presentielijst
A3: Het 'Reiskostenformulier en presentielijst' bestaat uit een aantal tabbladen. Voor de declarant zijn alleen de eerste drie van belang.
A7: In tabblad 'Instructie' staat uitleg over het invullen van het 'Reiskostenformulier en presentielijst'.
A9: Op het tabblad "Gegevens" vult u de gegevens van de geleding van de NVON in. Het tabblad is beveiligd. U kunt alleen de witte vakjes invullen. Met de <tab> of de pijltjes toetsen kunt u naar het volgende witte vakje springen.Uw lidnummer is terug te vinden op uw ledenpas en op het adresetiket bij uw exemplaar van de NVOX/Terugkoppeling.
A10: LET OP de juiste datum; deze moet overeen komen met de datum in de bijbehorende notulen.
A12: Vervolgens selecteert u bij niveau 1 onder welke hoofdpost uw declaratie valt. Zodra u in de witte cel rechts van niveau 1 staat, verschijnt er een dropdown menu. Ga op het driehoekje staan om het drop down menu te laten verschijnen en selecteer de juiste optie
A19: Afhankelijk van de keuze bij niveau 1 verschijnen er bij niveau 2 de opties die daarbij horen.
A20: Hieronder staan de keuzemogelijkheden die in een drop down menu bij niveau 2 verschijnen na het kiezen van een optie bij niveau 1.
A21: niveau 1 | C21: niveau 2
A22: Bestuur | C22: AB - DB
A23: Bestuurscommissie | C23: ARBO - Bovenbw - Duurzaamheid - Financiën - Jong NVON - NVON-Reeks - Onderbw - Ponvon - Vakb.act. - Wet. Oriënt.
A24: Bureau | C24: -
A25: Kring | C25: BIO - NASK1 - NASK2 - NAT - SCH - TOA
A26: Kringcoördinatie | C26: BIO H/V - BIO VMBO - NASK1 VMBO - NASK2 VMBO - NAT H/V - SCH H/V - TOA
A27: Project | C27: In het geval van Project verschijnt er onder het Project een hokje om het projectnummer en de projectnaam in te vullen.
A28: Redactie | C28: NVOX - TK
A29: Sectie | C29: BIO - NAT - NLT - SCH - TECH - TOA - VMBO
A30: Anders | C30: In het geval van Anders verschijnt er onder Anders een hokje om een toelichting te geven.
A32: Alleen als u bij niveau 1 voor "Kring" hebt gekozen en bij niveau 2 een vak hebt geselecteerd, kunt u bij niveau 3 de plaats van de kring selecteren. Let erop: het drop down menu van de plaatsen van de kringen is lang. Het kan zijn dat u in het drop down menu naar beneden moet scrollen.
A33: Als u het werkblad "Gegevens" hebt ingevuld, bewaar deze dan digitaal. Dan hoeft u deze gegevens maar één keer in te vullen (tenzij hierin iets verandert).
A35: Nu kunt u het tabblad "Reiskosten en presentie" invullen.
A36: U vult de naam, postcode en plaats van alle deelnemers in.
A37: In het hokje onder de naam staat een dropdownmenu waarin u kunt aangeven of iemand aan- of afwezig is. Vergeet niet om de alle deelnemers op aanwezig te zetten, want anders worden de vacatiegelden niet berekend. De gegevens van degenen die dit keer afwezig zijn kunt u laten staan. Selecteer in het dropdownmenu dan wel afwezig en let er op dat dit ook wordt aangegeven in de bijbehorende notulen.
A38: LET OP: de deelnemers volgens de presentielijst moeten overeen komen met de deelnemers volgens de notulen.
A39: In het hokje onder voorzitter/notulist/GOVAK kunt u aangeven of de aanwezige de voorzitter, notulist of een medewerker die valt onder de GOVAK-regeling is. De voorzitter en de notulist ontvangen €17 vergoeding in verband met hun functie, bovenop de €18 aan vacatiegelden die elke deelnemer ontvangt. Een medewerker die valt onder de GOVAK regeling ontvangt alleen reiskosten.
A40: Het IBAN bankrekening nummer moet in het format NLXX XXXX XXXX XXXX XX worden opgegeven. In de eerste vier hokjes van het bankrekeningnummer passen 4 tekens, in het laatste hokje 2 tekens.
A42: U mailt de ondertekende 'Reiskostenformulier en presentielijst' spreadsheet, samen met de notulen van de vergadering naar de financiële administratie. Uitprinten en opsturen van het 'Reiskostenformulier en presentielijst' is dus niet meer nodig!
A44: De onderliggende stukken (facturen, bonnen, betalingsbewijzen e.d.) mailt u naar uw budgethouder. Als u deze alleen op papier hebt ontvangen, scan of fotografeer deze dan en mail ze dan naar uw budgethouder. Controleer of digitale gescande of gefotografeerde stukken goed leesbaar zijn.
A46: LET OP: | B46: alle pagina's staan al correct ingesteld en beveiligd. U kunt hier niks aan veranderen. Mocht dit om wat voor reden toch nodig zijn, neemt u dan contact op met de financiële administratie.
A50: Voor vragen over het declareren, invullen van het formulier en overige vragen kunt u de financiële administratie bellen op maandag t/m vrijdag tussen 9.00 en 12.30 uur. Telefoonnumnmer 0522-243347 of mailen naar boekhouder@nvon.nl
A52: Adres : | C52: Financiële Administratie NVON
C53: Dokter van Deenweg 162
C54: 8025 BM Zwolle

Sheet Gegevens
B1: Gegevens
A4: Inzender: | B4: Freek Pols | E4: Telefoon / 06-nr: | G4: 621153564 | I4: Lidnr:
A7: Gelegenheid: | B7: Vergadering boek Pocketdemo's | G7: Plaats: | H7: Online
A9: Datum:
A11: Niveau 1 | B11: Bestuurscommissie | D11: Niveau 2 | F11: NVON-Reeks | H11: Niveau 3
A12: =IF(B11="project","Projectnummer en naam:",IF(B11="Anders","Toelichting:",""))
A14: Naam budgethouder voor akkoord: | D14: Huib van Drooge | G14: Handtekening (digitaal indien mogelijk):

Sheet Reiskosten en presentie
C1: Reiskostenformulier en presentielijst | M1: 1) Aantal kilometers o.b.v. heen- en terugreis; vergoeding per km € 0,23 | S1: aanwezig | T1: voorzitter
M2: 2) Openbaar vervoer o.b.v. heen- en terugreis per 2e klas | S2: afwezig | T2: notulist | U2: 18
B3: Naam | C3: Postcode | D3: Woonplaats | E3: Voorzitter / Notulist / GOVAK | F3: Vergoeding vz./not. | G3: Aantal km | H3: Openb.verv. | I3: Parkeerkn. | J3: Subtotaal | K3: Vacatiegeld | L3: Totaal in € | M3: 3) Parkeerkosten boven € 5 -> origineel bewijs opsturen naar boekhouder; maximale vergoeding per keer € 20 | T3: GOVAK_medewerker | U3: 35
B4: Freek Pols | C4: 2645 GK | D4: Delfgauw | E4: voorzitter | F4: =IF(OR(B5="afwezig",B5="",E4="GOVAK_medewerker",E4=""),0,IF(OR(E4="voorzitter",E4="notulist"),17)) -> 0 | J4: =IF(OR(B5="afwezig",B5=""),0,0.23*G4+H4+I4) -> 0 | K4: =IF(OR(E4="GOVAK_medewerker",B5="afwezig",B5=""),0,18) -> 0 | L4: =F4+J4+K4 -> 0
C5: IBAN bankrekeningnummer | E5: NL42 | F5: INGB | G5: 0007 | H5: 9483 | I5: 17
B6: Ed van den Berg | E6: notulist | F6: =IF(OR(B7="afwezig",B7="",E6="GOVAK_medewerker",E6=""),0,IF(OR(E6="voorzitter",E6="notulist"),17)) -> 0 | J6: =IF(OR(B7="afwezig",B7=""),0,0.23*G6+H6+I6) -> 0 | K6: =IF(OR(E6="GOVAK_medewerker",B7="afwezig",B7=""),0,18) -> 0 | L6: =F6+J6+K6 -> 0
C7: IBAN bankrekeningnummer | E7: NLXX | F7: XXXX | G7: XXXX | H7: XXXX | I7: XX
F8: =IF(OR(B9="afwezig",B9="",E8="GOVAK_medewerker",E8=""),0,IF(OR(E8="voorzitter",E8="notulist"),17)) -> 0 | J8: =IF(OR(B9="afwezig",B9=""),0,0.23*G8+H8+I8) -> 0 | K8: =IF(OR(E8="GOVAK_medewerker",B9="afwezig",B9=""),0,18) -> 0 | L8: =F8+J8+K8 -> 0
C9: IBAN bankrekeningnummer | E9: NLXX | F9: XXXX | G9: XXXX | H9: XXXX | I9: XX
F10: =IF(OR(B11="afwezig",B11="",E10="GOVAK_medewerker",E10=""),0,IF(OR(E10="voorzitter",E10="notulist"),17)) -> 0 | J10: =IF(OR(B11="afwezig",B11=""),0,0.23*G10+H10+I10) -> 0 | K10: =IF(OR(E10="GOVAK_medewerker",B11="afwezig",B11=""),0,18) -> 0 | L10: =F10+J10+K10 -> 0
C11: IBAN bankrekeningnummer | E11: NLXX | F11: XXXX | G11: XXXX | H11: XXXX | I11: XX
F12: =IF(OR(B13="afwezig",B13="",E12="GOVAK_medewerker",E12=""),0,IF(OR(E12="voorzitter",E12="notulist"),17)) -> 0 | J12: =IF(OR(B13="afwezig",B13=""),0,0.23*G12+H12+I12) -> 0 | K12: =IF(OR(E12="GOVAK_medewerker",B13="afwezig",B13=""),0,18) -> 0 | L12: =F12+J12+K12 -> 0
C13: IBAN bankrekeningnummer | E13: NLXX | F13: XXXX | G13: XXXX | H13: XXXX | I13: XX
F14: =IF(OR(B15="afwezig",B15="",E14="GOVAK_medewerker",E14=""),0,IF(OR(E14="voorzitter",E14="notulist"),17)) -> 0 | J14: =IF(OR(B15="afwezig",B15=""),0,0.23*G14+H14+I14) -> 0 | K14: =IF(OR(E14="GOVAK_medewerker",B15="afwezig",B15=""),0,18) -> 0 | L14: =F14+J14+K14 -> 0
C15: IBAN bankrekeningnummer | E15: NLXX | F15: XXXX | G15: XXXX | H15: XXXX | I15: XX
F16: =IF(OR(B17="afwezig",B17="",E16="GOVAK_medewerker",E16=""),0,IF(OR(E16="voorzitter",E16="notulist"),17)) -> 0 | J16: =IF(OR(B17="afwezig",B17=""),0,0.23*G16+H16+I16) -> 0 | K16: =IF(OR(E16="GOVAK_medewerker",B17="afwezig",B17=""),0,18) -> 0 | L16: =F16+J16+K16 -> 0
C17: IBAN bankrekeningnummer | E17: NLXX | F17: XXXX | G17: XXXX | H17: XXXX | I17: XX
F18: =IF(OR(B19="afwezig",B19="",E18="GOVAK_medewerker",E18=""),0,IF(OR(E18="voorzitter",E18="notulist"),17)) -> 0 | J18: =IF(OR(B19="afwezig",B19=""),0,0.23*G18+H18+I18) -> 0 | K18: =IF(OR(E18="GOVAK_medewerker",B19="afwezig",B19=""),0,18) -> 0 | L18: =F18+J18+K18 -> 0
C19: IBAN bankrekeningnummer | E19: NLXX | F19: XXXX | G19: XXXX | H19: XXXX | I19: XX
F20: =IF(OR(B21="afwezig",B21="",E20="GOVAK_medewerker",E20=""),0,IF(OR(E20="voorzitter",E20="notulist"),17)) -> 0 | J20: =IF(OR(B21="afwezig",B21=""),0,0.23*G20+H20+I20) -> 0 | K20: =IF(OR(E20="GOVAK_medewerker",B21="afwezig",B21=""),0,18) -> 0 | L20: =F20+J20+K20 -> 0
C21: IBAN bankrekeningnummer | E21: NLXX | F21: XXXX | G21: XXXX | H21: XXXX | I21: XX
F22: =IF(OR(B23="afwezig",B23="",E22="GOVAK_medewerker",E22=""),0,IF(OR(E22="voorzitter",E22="notulist"),17)) -> 0 | J22: =IF(OR(B23="afwezig",B23=""),0,0.23*G22+H22+I22) -> 0 | K22: =IF(OR(E22="GOVAK_medewerker",B23="afwezig",B23=""),0,18) -> 0 | L22: =F22+J22+K22 -> 0
C23: IBAN bankrekeningnummer | E23: NLXX | F23: XXXX | G23: XXXX | H23: XXXX | I23: XX
F24: =IF(OR(B25="afwezig",B25="",E24="GOVAK_medewerker",E24=""),0,IF(OR(E24="voorzitter",E24="notulist"),17)) -> 0 | J24: =IF(OR(B25="afwezig",B25=""),0,0.23*G24+H24+I24) -> 0 | K24: =IF(OR(E24="GOVAK_medewerker",B25="afwezig",B25=""),0,18) -> 0 | L24: =F24+J24+K24 -> 0
C25: IBAN bankrekeningnummer | E25: NLXX | F25: XXXX | G25: XXXX | H25: XXXX | I25: XX
F26: =IF(OR(B27="afwezig",B27="",E26="GOVAK_medewerker",E26=""),0,IF(OR(E26="voorzitter",E26="notulist"),17)) -> 0 | J26: =IF(OR(B27="afwezig",B27=""),0,0.23*G26+H26+I26) -> 0 | K26: =IF(OR(E26="GOVAK_medewerker",B27="afwezig",B27=""),0,18) -> 0 | L26: =F26+J26+K26 -> 0
C27: IBAN bankrekeningnummer | E27: NLXX | F27: XXXX | G27: XXXX | H27: XXXX | I27: XX
F28: =IF(OR(B29="afwezig",B29="",E28="GOVAK_medewerker",E28=""),0,IF(OR(E28="voorzitter",E28="notulist"),17)) -> 0 | J28: =IF(OR(B29="afwezig",B29=""),0,0.23*G28+H28+I28) -> 0 | K28: =IF(OR(E28="GOVAK_medewerker",B29="afwezig",B29=""),0,18) -> 0 | L28: =F28+J28+K28 -> 0
C29: IBAN bankrekeningnummer | E29: NLXX | F29: XXXX | G29: XXXX | H29: XXXX | I29: XX
F30: =IF(OR(B31="afwezig",B31="",E30="GOVAK_medewerker",E30=""),0,IF(OR(E30="voorzitter",E30="notulist"),17)) -> 0 | J30: =IF(OR(B31="afwezig",B31=""),0,0.23*G30+H30+I30) -> 0 | K30: =IF(OR(E30="GOVAK_medewerker",B31="afwezig",B31=""),0,18) -> 0 | L30: =F30+J30+K30 -> 0
C31: IBAN bankrekeningnummer | E31: NLXX | F31: XXXX | G31: XXXX | H31: XXXX | I31: XX
F32: =IF(OR(B33="afwezig",B33="",E32="GOVAK_medewerker",E32=""),0,IF(OR(E32="voorzitter",E32="notulist"),17)) -> 0 | J32: =IF(OR(B33="afwezig",B33=""),0,0.23*G32+H32+I32) -> 0 | K32: =IF(OR(E32="GOVAK_medewerker",B33="afwezig",B33=""),0,18) -> 0 | L32: =F32+J32+K32 -> 0
C33: IBAN bankrekeningnummer | E33: NLXX | F33: XXXX | G33: XXXX | H33: XXXX | I33: XX
F34: =IF(OR(B35="afwezig",B35="",E34="GOVAK_medewerker",E34=""),0,IF(OR(E34="voorzitter",E34="notulist"),17)) -> 0 | J34: =IF(OR(B35="afwezig",B35=""),0,0.23*G34+H34+I34) -> 0 | K34: =IF(OR(E34="GOVAK_medewerker",B35="afwezig",B35=""),0,18) -> 0 | L34: =F34+J34+K34 -> 0
C35: IBAN bankrekeningnummer | E35: NLXX | F35: XXXX | G35: XXXX | H35: XXXX | I35: XX
F36: =IF(OR(B37="afwezig",B37="",E36="GOVAK_medewerker",E36=""),0,IF(OR(E36="voorzitter",E36="notulist"),17)) -> 0 | J36: =IF(OR(B37="afwezig",B37=""),0,0.23*G36+H36+I36) -> 0 | K36: =IF(OR(E36="GOVAK_medewerker",B37="afwezig",B37=""),0,18) -> 0 | L36: =F36+J36+K36 -> 0
C37: IBAN bankrekeningnummer | E37: NLXX | F37: XXXX | G37: XXXX | H37: XXXX | I37: XX
F38: =IF(OR(B39="afwezig",B39="",E38="GOVAK_medewerker",E38=""),0,IF(OR(E38="voorzitter",E38="notulist"),17)) -> 0 | J38: =IF(OR(B39="afwezig",B39=""),0,0.23*G38+H38+I38) -> 0 | K38: =IF(OR(E38="GOVAK_medewerker",B39="afwezig",B39=""),0,18) -> 0 | L38: =F38+J38+K38 -> 0
C39: IBAN bankrekeningnummer | E39: NLXX | F39: XXXX | G39: XXXX | H39: XXXX | I39: XX
F40: =IF(OR(B41="afwezig",B41="",E40="GOVAK_medewerker",E40=""),0,IF(OR(E40="voorzitter",E40="notulist"),17)) -> 0 | J40: =IF(OR(B41="afwezig",B41=""),0,0.23*G40+H40+I40) -> 0 | K40: =IF(OR(E40="GOVAK_medewerker",B41="afwezig",B41=""),0,18) -> 0 | L40: =F40+J40+K40 -> 0
C41: IBAN bankrekeningnummer | E41: NLXX | F41: XXXX | G41: XXXX | H41: XXXX | I41: XX
F42: =IF(OR(B43="afwezig",B43="",E42="GOVAK_medewerker",E42=""),0,IF(OR(E42="voorzitter",E42="notulist"),17)) -> 0 | J42: =IF(OR(B43="afwezig",B43=""),0,0.23*G42+H42+I42) -> 0 | K42: =IF(OR(E42="GOVAK_medewerker",B43="afwezig",B43=""),0,18) -> 0 | L42: =F42+J42+K42 -> 0
C43: IBAN bankrekeningnummer | E43: NLXX | F43: XXXX | G43: XXXX | H43: XXXX | I43: XX
F44: =IF(OR(B45="afwezig",B45="",E44="GOVAK_medewerker",E44=""),0,IF(OR(E44="voorzitter",E44="notulist"),17)) -> 0 | J44: =IF(OR(B45="afwezig",B45=""),0,0.23*G44+H44+I44) -> 0 | K44: =IF(OR(E44="GOVAK_medewerker",B45="afwezig",B45=""),0,18) -> 0 | L44: =F44+J44+K44 -> 0
C45: IBAN bankrekeningnummer | E45: NLXX | F45: XXXX | G45: XXXX | H45: XXXX | I45: XX
F46: =IF(OR(B47="afwezig",B47="",E46="GOVAK_medewerker",E46=""),0,IF(OR(E46="voorzitter",E46="notulist"),17)) -> 0 | J46: =IF(OR(B47="afwezig",B47=""),0,0.23*G46+H46+I46) -> 0 | K46: =IF(OR(E46="GOVAK_medewerker",B47="afwezig",B47=""),0,18) -> 0 | L46: =F46+J46+K46 -> 0
C47: IBAN bankrekeningnummer | E47: NLXX | F47: XXXX | G47: XXXX | H47: XXXX | I47: XX
F48: =IF(OR(B49="afwezig",B49="",E48="GOVAK_medewerker",E48=""),0,IF(OR(E48="voorzitter",E48="notulist"),17)) -> 0 | J48: =IF(OR(B49="afwezig",B49=""),0,0.23*G48+H48+I48) -> 0 | K48: =IF(OR(E48="GOVAK_medewerker",B49="afwezig",B49=""),0,18) -> 0 | L48: =F48+J48+K48 -> 0
C49: IBAN bankrekeningnummer | E49: NLXX | F49: XXXX | G49: XXXX | H49: XXXX | I49: XX
F50: =IF(OR(B51="afwezig",B51="",E50="GOVAK_medewerker",E50=""),0,IF(OR(E50="voorzitter",E50="notulist"),17)) -> 0 | J50: =IF(OR(B51="afwezig",B51=""),0,0.23*G50+H50+I50) -> 0 | K50: =IF(OR(E50="GOVAK_medewerker",B51="afwezig",B51=""),0,18) -> 0 | L50: =F50+J50+K50 -> 0
C51: IBAN bankrekeningnummer | E51: NLXX | F51: XXXX | G51: XXXX | H51: XXXX | I51: XX
F52: =IF(OR(B53="afwezig",B53="",E52="GOVAK_medewerker",E52=""),0,IF(OR(E52="voorzitter",E52="notulist"),17)) -> 0 | J52: =IF(OR(B53="afwezig",B53=""),0,0.23*G52+H52+I52) -> 0 | K52: =IF(OR(E52="GOVAK_medewerker",B53="afwezig",B53=""),0,18) -> 0 | L52: =F52+J52+K52 -> 0
C53: IBAN bankrekeningnummer | E53: NLXX | F53: XXXX | G53: XXXX | H53: XXXX | I53: XX
F54: =IF(OR(B55="afwezig",B55="",E54="GOVAK_medewerker",E54=""),0,IF(OR(E54="voorzitter",E54="notulist"),17)) -> 0 | J54: =IF(OR(B55="afwezig",B55=""),0,0.23*G54+H54+I54) -> 0 | K54: =IF(OR(E54="GOVAK_medewerker",B55="afwezig",B55=""),0,18) -> 0 | L54: =F54+J54+K54 -> 0
C55: IBAN bankrekeningnummer | E55: NLXX | F55: XXXX | G55: XXXX | H55: XXXX | I55: XX
F56: =IF(OR(B57="afwezig",B57="",E56="GOVAK_medewerker",E56=""),0,IF(OR(E56="voorzitter",E56="notulist"),17)) -> 0 | J56: =IF(OR(B57="afwezig",B57=""),0,0.23*G56+H56+I56) -> 0 | K56: =IF(OR(E56="GOVAK_medewerker",B57="afwezig",B57=""),0,18) -> 0 | L56: =F56+J56+K56 -> 0
C57: IBAN bankrekeningnummer | E57: NLXX | F57: XXXX | G57: XXXX | H57: XXXX | I57: XX
F58: =IF(OR(B59="afwezig",B59="",E58="GOVAK_medewerker",E58=""),0,IF(OR(E58="voorzitter",E58="notulist"),17)) -> 0 | J58: =IF(OR(B59="afwezig",B59=""),0,0.23*G58+H58+I58) -> 0 | K58: =IF(OR(E58="GOVAK_medewerker",B59="afwezig",B59=""),0,18) -> 0 | L58: =F58+J58+K58 -> 0
C59: IBAN bankrekeningnummer | E59: NLXX | F59: XXXX | G59: XXXX | H59: XXXX | I59: XX
F60: =IF(OR(B61="afwezig",B61="",E60="GOVAK_medewerker",E60=""),0,IF(OR(E60="voorzitter",E60="notulist"),17)) -> 0 | J60: =IF(OR(B61="afwezig",B61=""),0,0.23*G60+H60+I60) -> 0 | K60: =IF(OR(E60="GOVAK_medewerker",B61="afwezig",B61=""),0,18) -> 0 | L60: =F60+J60+K60 -> 0
C61: IBAN bankrekeningnummer | E61: NLXX | F61: XXXX | G61: XXXX | H61: XXXX | I61: XX
F62: =IF(OR(B63="afwezig",B63="",E62="GOVAK_medewerker",E62=""),0,IF(OR(E62="voorzitter",E62="notulist"),17)) -> 0 | J62: =IF(OR(B63="afwezig",B63=""),0,0.23*G62+H62+I62) -> 0 | K62: =IF(OR(E62="GOVAK_medewerker",B63="afwezig",B63=""),0,18) -> 0 | L62: =F62+J62+K62 -> 0
C63: IBAN bankrekeningnummer | E63: NLXX | F63: XXXX | G63: XXXX | H63: XXXX | I63: XX
F64: =IF(OR(B65="afwezig",B65="",E64="GOVAK_medewerker",E64=""),0,IF(OR(E64="voorzitter",E64="notulist"),17)) -> 0 | J64: =IF(OR(B65="afwezig",B65=""),0,0.23*G64+H64+I64) -> 0 | K64: =IF(OR(E64="GOVAK_medewerker",B65="afwezig",B65=""),0,18) -> 0 | L64: =F64+J64+K64 -> 0
C65: IBAN bankrekeningnummer | E65: NLXX | F65: XXXX | G65: XXXX | H65: XXXX | I65: XX
F66: =IF(OR(B67="afwezig",B67="",E66="GOVAK_medewerker",E66=""),0,IF(OR(E66="voorzitter",E66="notulist"),17)) -> 0 | J66: =IF(OR(B67="afwezig",B67=""),0,0.23*G66+H66+I66) -> 0 | K66: =IF(OR(E66="GOVAK_medewerker",B67="afwezig",B67=""),0,18) -> 0 | L66: =F66+J66+K66 -> 0
C67: IBAN bankrekeningnummer | E67: NLXX | F67: XXXX | G67: XXXX | H67: XXXX | I67: XX
F68: =IF(OR(B69="afwezig",B69="",E68="GOVAK_medewerker",E68=""),0,IF(OR(E68="voorzitter",E68="notulist"),17)) -> 0 | J68: =IF(OR(B69="afwezig",B69=""),0,0.23*G68+H68+I68) -> 0 | K68: =IF(OR(E68="GOVAK_medewerker",B69="afwezig",B69=""),0,18) -> 0 | L68: =F68+J68+K68 -> 0
C69: IBAN bankrekeningnummer | E69: NLXX | F69: XXXX | G69: XXXX | H69: XXXX | I69: XX
F70: =IF(OR(B71="afwezig",B71="",E70="GOVAK_medewerker",E70=""),0,IF(OR(E70="voorzitter",E70="notulist"),17)) -> 0 | J70: =IF(OR(B71="afwezig",B71=""),0,0.23*G70+H70+I70) -> 0 | K70: =IF(OR(E70="GOVAK_medewerker",B71="afwezig",B71=""),0,18) -> 0 | L70: =F70+J70+K70 -> 0
C71: IBAN bankrekeningnummer | E71: NLXX | F71: XXXX | G71: XXXX | H71: XXXX | I71: XX
F72: =IF(OR(B73="afwezig",B73="",E72="GOVAK_medewerker",E72=""),0,IF(OR(E72="voorzitter",E72="notulist"),17)) -> 0 | J72: =IF(OR(B73="afwezig",B73=""),0,0.23*G72+H72+I72) -> 0 | K72: =IF(OR(E72="GOVAK_medewerker",B73="afwezig",B73=""),0,18) -> 0 | L72: =F72+J72+K72 -> 0
C73: IBAN bankrekeningnummer | E73: NLXX | F73: XXXX | G73: XXXX | H73: XXXX | I73: XX
F74: =IF(OR(B75="afwezig",B75="",E74="GOVAK_medewerker",E74=""),0,IF(OR(E74="voorzitter",E74="notulist"),17)) -> 0 | J74: =IF(OR(B75="afwezig",B75=""),0,0.23*G74+H74+I74) -> 0 | K74: =IF(OR(E74="GOVAK_medewerker",B75="afwezig",B75=""),0,18) -> 0 | L74: =F74+J74+K74 -> 0
C75: IBAN bankrekeningnummer | E75: NLXX | F75: XXXX | G75: XXXX | H75: XXXX | I75: XX
F76: =IF(OR(B77="afwezig",B77="",E76="GOVAK_medewerker",E76=""),0,IF(OR(E76="voorzitter",E76="notulist"),17)) -> 0 | J76: =IF(OR(B77="afwezig",B77=""),0,0.23*G76+H76+I76) -> 0 | K76: =IF(OR(E76="GOVAK_medewerker",B77="afwezig",B77=""),0,18) -> 0 | L76: =F76+J76+K76 -> 0
C77: IBAN bankrekeningnummer | E77: NLXX | F77: XXXX | G77: XXXX | H77: XXXX | I77: XX
F78: =IF(OR(B79="afwezig",B79="",E78="GOVAK_medewerker",E78=""),0,IF(OR(E78="voorzitter",E78="notulist"),17)) -> 0 | J78: =IF(OR(B79="afwezig",B79=""),0,0.23*G78+H78+I78) -> 0 | K78: =IF(OR(E78="GOVAK_medewerker",B79="afwezig",B79=""),0,18) -> 0 | L78: =F78+J78+K78 -> 0
C79: IBAN bankrekeningnummer | E79: NLXX | F79: XXXX | G79: XXXX | H79: XXXX | I79: XX
F80: =IF(OR(B81="afwezig",B81="",E80="GOVAK_medewerker",E80=""),0,IF(OR(E80="voorzitter",E80="notulist"),17)) -> 0 | J80: =IF(OR(B81="afwezig",B81=""),0,0.23*G80+H80+I80) -> 0 | K80: =IF(OR(E80="GOVAK_medewerker",B81="afwezig",B81=""),0,18) -> 0 | L80: =F80+J80+K80 -> 0
C81: IBAN bankrekeningnummer | E81: NLXX | F81: XXXX | G81: XXXX | H81: XXXX | I81: XX
F82: =IF(OR(B83="afwezig",B83="",E82="GOVAK_medewerker",E82=""),0,IF(OR(E82="voorzitter",E82="notulist"),17)) -> 0 | J82: =IF(OR(B83="afwezig",B83=""),0,0.23*G82+H82+I82) -> 0 | K82: =IF(OR(E82="GOVAK_medewerker",B83="afwezig",B83=""),0,18) -> 0 | L82: =F82+J82+K82 -> 0
C83: IBAN bankrekeningnummer | E83: NLXX | F83: XXXX | G83: XXXX | H83: XXXX | I83: XX
F84: =IF(OR(B85="afwezig",B85="",E84="GOVAK_medewerker",E84=""),0,IF(OR(E84="voorzitter",E84="notulist"),17)) -> 0 | J84: =IF(OR(B85="afwezig",B85=""),0,0.23*G84+H84+I84) -> 0 | K84: =IF(OR(E84="GOVAK_medewerker",B85="afwezig",B85=""),0,18) -> 0 | L84: =F84+J84+K84 -> 0
C85: IBAN bankrekeningnummer | E85: NLXX | F85: XXXX | G85: XXXX | H85: XXXX | I85: XX
F86: =IF(OR(B87="afwezig",B87="",E86="GOVAK_medewerker",E86=""),0,IF(OR(E86="voorzitter",E86="notulist"),17)) -> 0 | J86: =IF(OR(B87="afwezig",B87=""),0,0.23*G86+H86+I86) -> 0 | K86: =IF(OR(E86="GOVAK_medewerker",B87="afwezig",B87=""),0,18) -> 0 | L86: =F86+J86+K86 -> 0
C87: IBAN bankrekeningnummer | E87: NLXX | F87: XXXX | G87: XXXX | H87: XXXX | I87: XX
F88: =IF(OR(B89="afwezig",B89="",E88="GOVAK_medewerker",E88=""),0,IF(OR(E88="voorzitter",E88="notulist"),17)) -> 0 | J88: =IF(OR(B89="afwezig",B89=""),0,0.23*G88+H88+I88) -> 0 | K88: =IF(OR(E88="GOVAK_medewerker",B89="afwezig",B89=""),0,18) -> 0 | L88: =F88+J88+K88 -> 0
C89: IBAN bankrekeningnummer | E89: NLXX | F89: XXXX | G89: XXXX | H89: XXXX | I89: XX
F90: =IF(OR(B91="afwezig",B91="",E90="GOVAK_medewerker",E90=""),0,IF(OR(E90="voorzitter",E90="notulist"),17)) -> 0 | J90: =IF(OR(B91="afwezig",B91=""),0,0.23*G90+H90+I90) -> 0 | K90: =IF(OR(E90="GOVAK_medewerker",B91="afwezig",B91=""),0,18) -> 0 | L90: =F90+J90+K90 -> 0
C91: IBAN bankrekeningnummer | E91: NLXX | F91: XXXX | G91: XXXX | H91: XXXX | I91: XX
F92: =IF(OR(B93="afwezig",B93="",E92="GOVAK_medewerker",E92=""),0,IF(OR(E92="voorzitter",E92="notulist"),17)) -> 0 | J92: =IF(OR(B93="afwezig",B93=""),0,0.23*G92+H92+I92) -> 0 | K92: =IF(OR(E92="GOVAK_medewerker",B93="afwezig",B93=""),0,18) -> 0 | L92: =F92+J92+K92 -> 0
C93: IBAN bankrekeningnummer | E93: NLXX | F93: XXXX | G93: XXXX | H93: XXXX | I93: XX
F94: =IF(OR(B95="afwezig",B95="",E94="GOVAK_medewerker",E94=""),0,IF(OR(E94="voorzitter",E94="notulist"),17)) -> 0 | J94: =IF(OR(B95="afwezig",B95=""),0,0.23*G94+H94+I94) -> 0 | K94: =IF(OR(E94="GOVAK_medewerker",B95="afwezig",B95=""),0,18) -> 0 | L94: =F94+J94+K94 -> 0
C95: IBAN bankrekeningnummer | E95: NLXX | F95: XXXX | G95: XXXX | H95: XXXX | I95: XX
F96: =IF(OR(B97="afwezig",B97="",E96="GOVAK_medewerker",E96=""),0,IF(OR(E96="voorzitter",E96="notulist"),17)) -> 0 | J96: =IF(OR(B97="afwezig",B97=""),0,0.23*G96+H96+I96) -> 0 | K96: =IF(OR(E96="GOVAK_medewerker",B97="afwezig",B97=""),0,18) -> 0 | L96: =F96+J96+K96 -> 0
C97: IBAN bankrekeningnummer | E97: NLXX | F97: XXXX | G97: XXXX | H97: XXXX | I97: XX
F98: =IF(OR(B99="afwezig",B99="",E98="GOVAK_medewerker",E98=""),0,IF(OR(E98="voorzitter",E98="notulist"),17)) -> 0 | J98: =IF(OR(B99="afwezig",B99=""),0,0.23*G98+H98+I98) -> 0 | K98: =IF(OR(E98="GOVAK_medewerker",B99="afwezig",B99=""),0,18) -> 0 | L98: =F98+J98+K98 -> 0
C99: IBAN bankrekeningnummer | E99: NLXX | F99: XXXX | G99: XXXX | H99: XXXX | I99: XX
F100: =IF(OR(B101="afwezig",B101="",E100="GOVAK_medewerker",E100=""),0,IF(OR(E100="voorzitter",E100="notulist"),17)) -> 0 | J100: =IF(OR(B101="afwezig",B101=""),0,0.23*G100+H100+I100) -> 0 | K100: =IF(OR(E100="GOVAK_medewerker",B101="afwezig",B101=""),0,18) -> 0 | L100: =F100+J100+K100 -> 0
...

Sheet Voor boekhouder
B2: Declaratie van: | D2: =IF(Gegevens!B11=0,"",Gegevens!B11) -> Bestuurscommissie | E2: =IF(Gegevens!F11=0,"",Gegevens!F11) -> NVON-Reeks | F2: =IF(Gegevens!J11=0,"",Gegevens!J11)
B3: Gelegenheid: | D3: =IF(Gegevens!B7=0,"",Gegevens!B7) -> Vergadering boek Pocketdemo's
B4: Plaats: | D4: =IF(Gegevens!H7=0,"",Gegevens!H7) -> Online
B5: Datum: | D5: =IF(Gegevens!B9=0,"",Gegevens!B9) | F5: Boekstuknummer:
B6: Budgethouder: | D6: =IF(Gegevens!D14=0,"",Gegevens!D14) -> Huib van Drooge
A8: =IF(OR('Reiskosten en presentie'!B5="afwezig",'Reiskosten en presentie'!B5="",'Reiskosten en presentie'!B4=""),"","1") | B8: =IF(OR('Reiskosten en presentie'!B5="afwezig",'Reiskosten en presentie'!B5="",'Reiskosten en presentie'!B4=""),"","Naam:") | D8: =IF(OR('Reiskosten en presentie'!B5="afwezig",'Reiskosten en presentie'!B5="",'Reiskosten en presentie'!B4=""),"",'Reiskosten en presentie'!B4)
B9: =IF(OR('Reiskosten en presentie'!B5="afwezig",'Reiskosten en presentie'!B5="",'Reiskosten en presentie'!B4=""),"","Bankrekeningnummer:") | D9: =IF(OR('Reiskosten en presentie'!B5="afwezig",'Reiskosten en presentie'!B5="",'Reiskosten en presentie'!B4=""),"",'Reiskosten en presentie'!E5) | E9: =IF(OR('Reiskosten en presentie'!B5="afwezig",'Reiskosten en presentie'!B5="",'Reiskosten en presentie'!B4=""),"",'Reiskosten en presentie'!F5) | F9: =IF(OR('Reiskosten en presentie'!B5="afwezig",'Reiskosten en presentie'!B5="",'Reiskosten en presentie'!B4=""),"",'Reiskosten en presentie'!G5) | G9: =IF(OR('Reiskosten en presentie'!B5="afwezig",'Reiskosten en presentie'!B5="",'Reiskosten en presentie'!B4=""),"",'Reiskosten en presentie'!H5) | H9: =IF(OR('Reiskosten en presentie'!B5="afwezig",'Reiskosten en presentie'!B5="",'Reiskosten en presentie'!B4=""),"",'Reiskosten en presentie'!I5) | I9: =IF(OR('Reiskosten en presentie'!B5="afwezig",'Reiskosten en presentie'!B5="",'Reiskosten en presentie'!B4=""),"","□") | J9: =IF(OR('Reiskosten en presentie'!B5="afwezig",'Reiskosten en presentie'!B5="",'Reiskosten en presentie'!B4=""),"","controle")
B10: =IF(OR('Reiskosten en presentie'!B5="afwezig",'Reiskosten en presentie'!B5="",'Reiskosten en presentie'!B4=""),"","0001 Kantoorbehoeften") | D10: =IF(OR('Reiskosten en presentie'!B5="afwezig",'Reiskosten en presentie'!B5="",'Reiskosten en presentie'!B4=""),"",'Reiskosten en presentie'!F4+'Reiskosten en presentie'!K4)
B11: =IF(OR('Reiskosten en presentie'!B5="afwezig",'Reiskosten en presentie'!B5="",'Reiskosten en presentie'!B4=""),"","0008 Reiskosten") | D11: =IF(OR('Reiskosten en presentie'!B5="afwezig",'Reiskosten en presentie'!B5="",'Reiskosten en presentie'!B4=""),"",'Reiskosten en presentie'!J4)
A13: =IF(OR('Reiskosten en presentie'!B7="afwezig",'Reiskosten en presentie'!B7="",'Reiskosten en presentie'!B6=""),"","2") | B13: =IF(OR('Reiskosten en presentie'!B7="afwezig",'Reiskosten en presentie'!B7="",'Reiskosten en presentie'!B6=""),"","Naam:") | D13: =IF(OR('Reiskosten en presentie'!B7="afwezig",'Reiskosten en presentie'!B7="",'Reiskosten en presentie'!B6=""),"",'Reiskosten en presentie'!B6)
B14: =IF(OR('Reiskosten en presentie'!B7="afwezig",'Reiskosten en presentie'!B7="",'Reiskosten en presentie'!B6=""),"","Bankrekeningnummer:") | D14: =IF(OR('Reiskosten en presentie'!B7="afwezig",'Reiskosten en presentie'!B7="",'Reiskosten en presentie'!B6=""),"",'Reiskosten en presentie'!E7) | E14: =IF(OR('Reiskosten en presentie'!B7="afwezig",'Reiskosten en presentie'!B7="",'Reiskosten en presentie'!B6=""),"",'Reiskosten en presentie'!F7) | F14: =IF(OR('Reiskosten en presentie'!B7="afwezig",'Reiskosten en presentie'!B7="",'Reiskosten en presentie'!B6=""),"",'Reiskosten en presentie'!G7) | G14: =IF(OR('Reiskosten en presentie'!B7="afwezig",'Reiskosten en presentie'!B7="",'Reiskosten en presentie'!B6=""),"",'Reiskosten en presentie'!H7) | H14: =IF(OR('Reiskosten en presentie'!B7="afwezig",'Reiskosten en presentie'!B7="",'Reiskosten en presentie'!B6=""),"",'Reiskosten en presentie'!I7) | I14: =IF(OR('Reiskosten en presentie'!B7="afwezig",'Reiskosten en presentie'!B7="",'Reiskosten en presentie'!B6=""),"","□") | J14: =IF(OR('Reiskosten en presentie'!B7="afwezig",'Reiskosten en presentie'!B7="",'Reiskosten en presentie'!B6=0),"","controle")
B15: =IF(OR('Reiskosten en presentie'!B7="afwezig",'Reiskosten en presentie'!B7="",'Reiskosten en presentie'!B6=""),"","0001 Kantoorbehoeften") | D15: =IF(OR('Reiskosten en presentie'!B7="afwezig",'Reiskosten en presentie'!B7="",'Reiskosten en presentie'!B6=""),"",'Reiskosten en presentie'!F6+'Reiskosten en presentie'!K6)
B16: =IF(OR('Reiskosten en presentie'!B7="afwezig",'Reiskosten en presentie'!B7="",'Reiskosten en presentie'!B6=""),"","0008 Reiskosten") | D16: =IF(OR('Reiskosten en presentie'!B7="afwezig",'Reiskosten en presentie'!B7="",'Reiskosten en presentie'!B6=""),"",'Reiskosten en presentie'!J6)
A18: =IF(OR('Reiskosten en presentie'!B9="afwezig",'Reiskosten en presentie'!B9="",'Reiskosten en presentie'!B8=""),"","3") | B18: =IF(OR('Reiskosten en presentie'!B9="afwezig",'Reiskosten en presentie'!B9="",'Reiskosten en presentie'!B8=""),"","Naam:") | D18: =IF(OR('Reiskosten en presentie'!B9="afwezig",'Reiskosten en presentie'!B9="",'Reiskosten en presentie'!B8=""),"",'Reiskosten en presentie'!B8)
B19: =IF(OR('Reiskosten en presentie'!B9="afwezig",'Reiskosten en presentie'!B9="",'Reiskosten en presentie'!B8=""),"","Bankrekeningnummer:") | D19: =IF(OR('Reiskosten en presentie'!B9="afwezig",'Reiskosten en presentie'!B9="",'Reiskosten en presentie'!B8=""),"",'Reiskosten en presentie'!E9) | E19: =IF(OR('Reiskosten en presentie'!B9="afwezig",'Reiskosten en presentie'!B9="",'Reiskosten en presentie'!B8=""),"",'Reiskosten en presentie'!F9) | F19: =IF(OR('Reiskosten en presentie'!B9="afwezig",'Reiskosten en presentie'!B9="",'Reiskosten en presentie'!B8=0),"",'Reiskosten en presentie'!G9) | G19: =IF(OR('Reiskosten en presentie'!B9="afwezig",'Reiskosten en presentie'!B9="",'Reiskosten en presentie'!B8=0),"",'Reiskosten en presentie'!H9) | H19: =IF(OR('Reiskosten en presentie'!B9="afwezig",'Reiskosten en presentie'!B9="",'Reiskosten en presentie'!B8=0),"",'Reiskosten en presentie'!I9) | I19: =IF(OR('Reiskosten en presentie'!B9="afwezig",'Reiskosten en presentie'!B9="",'Reiskosten en presentie'!B8=0),"","□") | J19: =IF(OR('Reiskosten en presentie'!B9="afwezig",'Reiskosten en presentie'!B9="",'Reiskosten en presentie'!B8=0),"","controle")
B20: =IF(OR('Reiskosten en presentie'!B9="afwezig",'Reiskosten en presentie'!B9="",'Reiskosten en presentie'!B8=""),"","0001 Kantoorbehoeften") | D20: =IF(OR('Reiskosten en presentie'!B9="afwezig",'Reiskosten en presentie'!B9="",'Reiskosten en presentie'!B8=""),"",'Reiskosten en presentie'!F8+'Reiskosten en presentie'!K8)
B21: =IF(OR('Reiskosten en presentie'!B9="afwezig",'Reiskosten en presentie'!B9="",'Reiskosten en presentie'!B8=""),"","0008 Reiskosten") | D21: =IF(OR('Reiskosten en presentie'!B9="afwezig",'Reiskosten en presentie'!B9="",'Reiskosten en presentie'!B8=""),"",'Reiskosten en presentie'!J8)
A23: =IF(OR('Reiskosten en presentie'!B11="afwezig",'Reiskosten en presentie'!B11="",'Reiskosten en presentie'!B10=""),"","4") | B23: =IF(OR('Reiskosten en presentie'!B11="afwezig",'Reiskosten en presentie'!B11="",'Reiskosten en presentie'!B10=""),"","Naam:") | D23: =IF(OR('Reiskosten en presentie'!B11="afwezig",'Reiskosten en presentie'!B11="",'Reiskosten en presentie'!B10=""),"",'Reiskosten en presentie'!B10)
B24: =IF(OR('Reiskosten en presentie'!B11="afwezig",'Reiskosten en presentie'!B11="",'Reiskosten en presentie'!B10=""),"","Bankrekeningnummer:") | D24: =IF(OR('Reiskosten en presentie'!B11="afwezig",'Reiskosten en presentie'!B11="",'Reiskosten en presentie'!B10=""),"",'Reiskosten en presentie'!E11) | E24: =IF(OR('Reiskosten en presentie'!B11="afwezig",'Reiskosten en presentie'!B11="",'Reiskosten en presentie'!B10=""),"",'Reiskosten en presentie'!F11) | F24: =IF(OR('Reiskosten en presentie'!B11="afwezig",'Reiskosten en presentie'!B11="",'Reiskosten en presentie'!B10=""),"",'Reiskosten en presentie'!G11) | G24: =IF(OR('Reiskosten en presentie'!B11="afwezig",'Reiskosten en presentie'!B11="",'Reiskosten en presentie'!B10=""),"",'Reiskosten en presentie'!H11) | H24: =IF(OR('Reiskosten en presentie'!B11="afwezig",'Reiskosten en presentie'!B11="",'Reiskosten en presentie'!B10=""),"",'Reiskosten en presentie'!I11) | I24: =IF(OR('Reiskosten en presentie'!B11="afwezig",'Reiskosten en presentie'!B11="",'Reiskosten en presentie'!B10=""),"","□") | J24: =IF(OR('Reiskosten en presentie'!B11="afwezig",'Reiskosten en presentie'!B11="",'Reiskosten en presentie'!B10=""),"","controle")
B25: =IF(OR('Reiskosten en presentie'!B11="afwezig",'Reiskosten en presentie'!B11="",'Reiskosten en presentie'!B10=""),"","0001 Kantoorbehoeften") | D25: =IF(OR('Reiskosten en presentie'!B11="afwezig",'Reiskosten en presentie'!B11="",'Reiskosten en presentie'!B10=""),"",'Reiskosten en presentie'!F10+'Reiskosten en presentie'!K10)
B26: =IF(OR('Reiskosten en presentie'!B11="afwezig",'Reiskosten en presentie'!B11="",'Reiskosten en presentie'!B10=""),"","0008 Reiskosten") | D26: =IF(OR('Reiskosten en presentie'!B11="afwezig",'Reiskosten en presentie'!B11="",'Reiskosten en presentie'!B10=""),"",'Reiskosten en presentie'!J10)
A28: =IF(OR('Reiskosten en presentie'!B13="afwezig",'Reiskosten en presentie'!B13="",'Reiskosten en presentie'!B12=""),"","5") | B28: =IF(OR('Reiskosten en presentie'!B13="afwezig",'Reiskosten en presentie'!B13="",'Reiskosten en presentie'!B12=""),"","Naam:") | D28: =IF(OR('Reiskosten en presentie'!B13="afwezig",'Reiskosten en presentie'!B13="",'Reiskosten en presentie'!B12=""),"",'Reiskosten en presentie'!B12)
B29: =IF(OR('Reiskosten en presentie'!B13="afwezig",'Reiskosten en presentie'!B13="",'Reiskosten en presentie'!B12=""),"","Bankrekeningnummer:") | D29: =IF(OR('Reiskosten en presentie'!B13="afwezig",'Reiskosten en presentie'!B13="",'Reiskosten en presentie'!B12=""),"",'Reiskosten en presentie'!E13) | E29: =IF(OR('Reiskosten en presentie'!B13="afwezig",'Reiskosten en presentie'!B13="",'Reiskosten en presentie'!B12=""),"",'Reiskosten en presentie'!F13) | F29: =IF(OR('Reiskosten en presentie'!B13="afwezig",'Reiskosten en presentie'!B13="",'Reiskosten en presentie'!B12=""),"",'Reiskosten en presentie'!G13) | G29: =IF(OR('Reiskosten en presentie'!B13="afwezig",'Reiskosten en presentie'!B13="",'Reiskosten en presentie'!B12=""),"",'Reiskosten en presentie'!H13) | H29: =IF(OR('Reiskosten en presentie'!B13="afwezig",'Reiskosten en presentie'!B13="",'Reiskosten en presentie'!B12=""),"",'Reiskosten en presentie'!I13) | I29: =IF(OR('Reiskosten en presentie'!B13="afwezig",'Reiskosten en presentie'!B13="",'Reiskosten en presentie'!B12=""),"","□") | J29: =IF(OR('Reiskosten en presentie'!B13="afwezig",'Reiskosten en presentie'!B13="",'Reiskosten en presentie'!B12=""),"","controle")
B30: =IF(OR('Reiskosten en presentie'!B13="afwezig",'Reiskosten en presentie'!B13="",'Reiskosten en presentie'!B12=""),"","0001 Kantoorbehoeften") | D30: =IF(OR('Reiskosten en presentie'!B13="afwezig",'Reiskosten en presentie'!B13="",'Reiskosten en presentie'!B12=""),"",'Reiskosten en presentie'!F12+'Reiskosten en presentie'!K12)
B31: =IF(OR('Reiskosten en presentie'!B13="afwezig",'Reiskosten en presentie'!B13="",'Reiskosten en presentie'!B12=""),"","0008 Reiskosten") | D31: =IF(OR('Reiskosten en presentie'!B13="afwezig",'Reiskosten en presentie'!B13="",'Reiskosten en presentie'!B12=""),"",'Reiskosten en presentie'!J12)
A33: =IF(OR('Reiskosten en presentie'!B15="afwezig",'Reiskosten en presentie'!B15="",'Reiskosten en presentie'!B14=""),"","6") | B33: =IF(OR('Reiskosten en presentie'!B15="afwezig",'Reiskosten en presentie'!B15="",'Reiskosten en presentie'!B14=""),"","Naam:") | D33: =IF(OR('Reiskosten en presentie'!B15="afwezig",'Reiskosten en presentie'!B15="",'Reiskosten en presentie'!B14=""),"",'Reiskosten en presentie'!B14)
B34: =IF(OR('Reiskosten en presentie'!B15="afwezig",'Reiskosten en presentie'!B15="",'Reiskosten en presentie'!B14=""),"","Bankrekeningnummer:") | D34: =IF(OR('Reiskosten en presentie'!B15="afwezig",'Reiskosten en presentie'!B15="",'Reiskosten en presentie'!B14=""),"",'Reiskosten en presentie'!E15) | E34: =IF(OR('Reiskosten en presentie'!B15="afwezig",'Reiskosten en presentie'!B15="",'Reiskosten en presentie'!B14=""),"",'Reiskosten en presentie'!F15) | F34: =IF(OR('Reiskosten en presentie'!B15="afwezig",'Reiskosten en presentie'!B15="",'Reiskosten en presentie'!B14=""),"",'Reiskosten en presentie'!G15) | G34: =IF(OR('Reiskosten en presentie'!B15="afwezig",'Reiskosten en presentie'!B15="",'Reiskosten en presentie'!B14=""),"",'Reiskosten en presentie'!H15) | H34: =IF(OR('Reiskosten en presentie'!B15="afwezig",'Reiskosten en presentie'!B15="",'Reiskosten en presentie'!B14=""),"",'Reiskosten en presentie'!I15) | I34: =IF(OR('Reiskosten en presentie'!B15="afwezig",'Reiskosten en presentie'!B15="",'Reiskosten en presentie'!B14=""),"","□") | J34: =IF(OR('Reiskosten en presentie'!B15="afwezig",'Reiskosten en presentie'!B15="",'Reiskosten en presentie'!B14=""),"","controle")
B35: =IF(OR('Reiskosten en presentie'!B15="afwezig",'Reiskosten en presentie'!B15="",'Reiskosten en presentie'!B14=""),"","0001 Kantoorbehoeften") | D35: =IF(OR('Reiskosten en presentie'!B15="afwezig",'Reiskosten en presentie'!B15="",'Reiskosten en presentie'!B14=""),"",'Reiskosten en presentie'!F14+'Reiskosten en presentie'!K14)
B36: =IF(OR('Reiskosten en presentie'!B15="afwezig",'Reiskosten en presentie'!B15="",'Reiskosten en presentie'!B14=""),"","0008 Reiskosten") | D36: =IF(OR('Reiskosten en presentie'!B15="afwezig",'Reiskosten en presentie'!B15="",'Reiskosten en presentie'!B14=""),"",'Reiskosten en presentie'!J14)
A38: =IF(OR('Reiskosten en presentie'!B17="afwezig",'Reiskosten en presentie'!B17="",'Reiskosten en presentie'!B16=""),"","7") | B38: =IF(OR('Reiskosten en presentie'!B17="afwezig",'Reiskosten en presentie'!B17="",'Reiskosten en presentie'!B16=""),"","Naam:") | D38: =IF(OR('Reiskosten en presentie'!B17="afwezig",'Reiskosten en presentie'!B17="",'Reiskosten en presentie'!B16=""),"",'Reiskosten en presentie'!B16)
B39: =IF(OR('Reiskosten en presentie'!B17="afwezig",'Reiskosten en presentie'!B17="",'Reiskosten en presentie'!B16=""),"","Bankrekeningnummer:") | D39: =IF(OR('Reiskosten en presentie'!B17="afwezig",'Reiskosten en presentie'!B17="",'Reiskosten en presentie'!B16=""),"",'Reiskosten en presentie'!E17) | E39: =IF(OR('Reiskosten en presentie'!B17="afwezig",'Reiskosten en presentie'!B17="",'Reiskosten en presentie'!B16=""),"",'Reiskosten en presentie'!F17) | F39: =IF(OR('Reiskosten en presentie'!B17="afwezig",'Reiskosten en presentie'!B17="",'Reiskosten en presentie'!B16=""),"",'Reiskosten en presentie'!G17) | G39: =IF(OR('Reiskosten en presentie'!B17="afwezig",'Reiskosten en presentie'!B17="",'Reiskosten en presentie'!B16=""),"",'Reiskosten en presentie'!H17) | H39: =IF(OR('Reiskosten en presentie'!B17="afwezig",'Reiskosten en presentie'!B17="",'Reiskosten en presentie'!B16=""),"",'Reiskosten en presentie'!I17) | I39: =IF(OR('Reiskosten en presentie'!B17="afwezig",'Reiskosten en presentie'!B17="",'Reiskosten en presentie'!B16=""),"","□") | J39: =IF(OR('Reiskosten en presentie'!B17="afwezig",'Reiskosten en presentie'!B17="",'Reiskosten en presentie'!B16=""),"","controle")
B40: =IF(OR('Reiskosten en presentie'!B17="afwezig",'Reiskosten en presentie'!B17="",'Reiskosten en presentie'!B16=""),"","0001 Kantoorbehoeften") | D40: =IF(OR('Reiskosten en presentie'!B17="afwezig",'Reiskosten en presentie'!B17="",'Reiskosten en presentie'!B16=""),"",'Reiskosten en presentie'!F16+'Reiskosten en presentie'!K16)
B41: =IF(OR('Reiskosten en presentie'!B17="afwezig",'Reiskosten en presentie'!B17="",'Reiskosten en presentie'!B16=""),"","0008 Reiskosten") | D41: =IF(OR('Reiskosten en presentie'!B17="afwezig",'Reiskosten en presentie'!B17="",'Reiskosten en presentie'!B16=""),"",'Reiskosten en presentie'!J16)
A43: =IF(OR('Reiskosten en presentie'!B19="afwezig",'Reiskosten en presentie'!B19="",'Reiskosten en presentie'!B18=""),"","8") | B43: =IF(OR('Reiskosten en presentie'!B19="afwezig",'Reiskosten en presentie'!B19="",'Reiskosten en presentie'!B18=""),"","Naam:") | D43: =IF(OR('Reiskosten en presentie'!B19="afwezig",'Reiskosten en presentie'!B19="",'Reiskosten en presentie'!B18=""),"",'Reiskosten en presentie'!B18)
B44: =IF(OR('Reiskosten en presentie'!B19="afwezig",'Reiskosten en presentie'!B19="",'Reiskosten en presentie'!B18=""),"","Bankrekeningnummer:") | D44: =IF(OR('Reiskosten en presentie'!B19="afwezig",'Reiskosten en presentie'!B19="",'Reiskosten en presentie'!B18=""),"",'Reiskosten en presentie'!E19) | E44: =IF(OR('Reiskosten en presentie'!B19="afwezig",'Reiskosten en presentie'!B19="",'Reiskosten en presentie'!B18=""),"",'Reiskosten en presentie'!F19) | F44: =IF(OR('Reiskosten en presentie'!B19="afwezig",'Reiskosten en presentie'!B19="",'Reiskosten en presentie'!B18=""),"",'Reiskosten en presentie'!G19) | G44: =IF(OR('Reiskosten en presentie'!B19="afwezig",'Reiskosten en presentie'!B19="",'Reiskosten en presentie'!B18=""),"",'Reiskosten en presentie'!H19) | H44: =IF(OR('Reiskosten en presentie'!B19="afwezig",'Reiskosten en presentie'!B19="",'Reiskosten en presentie'!B18=""),"",'Reiskosten en presentie'!I19) | I44: =IF(OR('Reiskosten en presentie'!B19="afwezig",'Reiskosten en presentie'!B19="",'Reiskosten en presentie'!B18=""),"","□") | J44: =IF(OR('Reiskosten en presentie'!B19="afwezig",'Reiskosten en presentie'!B19="",'Reiskosten en presentie'!B18=""),"","controle")
B45: =IF(OR('Reiskosten en presentie'!B19="afwezig",'Reiskosten en presentie'!B19="",'Reiskosten en presentie'!B18=""),"","0001 Kantoorbehoeften") | D45: =IF(OR('Reiskosten en presentie'!B19="afwezig",'Reiskosten en presentie'!B19="",'Reiskosten en presentie'!B18=""),"",'Reiskosten en presentie'!F18+'Reiskosten en presentie'!K18)
B46: =IF(OR('Reiskosten en presentie'!B19="afwezig",'Reiskosten en presentie'!B19="",'Reiskosten en presentie'!B18=""),"","0008 Reiskosten") | D46: =IF(OR('Reiskosten en presentie'!B19="afwezig",'Reiskosten en presentie'!B19="",'Reiskosten en presentie'!B18=""),"",'Reiskosten en presentie'!J18)
A48: =IF(OR('Reiskosten en presentie'!B21="afwezig",'Reiskosten en presentie'!B21="",'Reiskosten en presentie'!B20=""),"","9") | B48: =IF(OR('Reiskosten en presentie'!B21="afwezig",'Reiskosten en presentie'!B21="",'Reiskosten en presentie'!B20=""),"","Naam:") | D48: =IF(OR('Reiskosten en presentie'!B21="afwezig",'Reiskosten en presentie'!B21="",'Reiskosten en presentie'!B20=""),"",'Reiskosten en presentie'!B20)
B49: =IF(OR('Reiskosten en presentie'!B21="afwezig",'Reiskosten en presentie'!B21="",'Reiskosten en presentie'!B20=""),"","Bankrekeningnummer:") | D49: =IF(OR('Reiskosten en presentie'!B21="afwezig",'Reiskosten en presentie'!B21="",'Reiskosten en presentie'!B20=""),"",'Reiskosten en presentie'!E21) | E49: =IF(OR('Reiskosten en presentie'!B21="afwezig",'Reiskosten en presentie'!B21="",'Reiskosten en presentie'!B20=""),"",'Reiskosten en presentie'!F21) | F49: =IF(OR('Reiskosten en presentie'!B21="afwezig",'Reiskosten en presentie'!B21="",'Reiskosten en presentie'!B20=""),"",'Reiskosten en presentie'!G21) | G49: =IF(OR('Reiskosten en presentie'!B21="afwezig",'Reiskosten en presentie'!B21="",'Reiskosten en presentie'!B20=""),"",'Reiskosten en presentie'!H21) | H49: =IF(OR('Reiskosten en presentie'!B21="afwezig",'Reiskosten en presentie'!B21="",'Reiskosten en presentie'!B20=""),"",'Reiskosten en presentie'!I21) | I49: =IF(OR('Reiskosten en presentie'!B21="afwezig",'Reiskosten en presentie'!B21="",'Reiskosten en presentie'!B20=""),"","□") | J49: =IF(OR('Reiskosten en presentie'!B21="afwezig",'Reiskosten en presentie'!B21="",'Reiskosten en presentie'!B20=""),"","controle")
B50: =IF(OR('Reiskosten en presentie'!B21="afwezig",'Reiskosten en presentie'!B21="",'Reiskosten en presentie'!B20=""),"","0001 Kantoorbehoeften") | D50: =IF(OR('Reiskosten en presentie'!B21="afwezig",'Reiskosten en presentie'!B21="",'Reiskosten en presentie'!B20=""),"",'Reiskosten en presentie'!F20+'Reiskosten en presentie'!K20)
B51: =IF(OR('Reiskosten en presentie'!B21="afwezig",'Reiskosten en presentie'!B21="",'Reiskosten en presentie'!B20=""),"","0008 Reiskosten") | D51: =IF(OR('Reiskosten en presentie'!B21="afwezig",'Reiskosten en presentie'!B21="",'Reiskosten en presentie'!B20=""),"",'Reiskosten en presentie'!J20)
A53: =IF(OR('Reiskosten en presentie'!B23="afwezig",'Reiskosten en presentie'!B23="",'Reiskosten en presentie'!B22=""),"","10") | B53: =IF(OR('Reiskosten en presentie'!B23="afwezig",'Reiskosten en presentie'!B23="",'Reiskosten en presentie'!B22=""),"","Naam:") | D53: =IF(OR('Reiskosten en presentie'!B23="afwezig",'Reiskosten en presentie'!B23="",'Reiskosten en presentie'!B22=""),"",'Reiskosten en presentie'!B22)
B54: =IF(OR('Reiskosten en presentie'!B23="afwezig",'Reiskosten en presentie'!B23="",'Reiskosten en presentie'!B22=""),"","Bankrekeningnummer:") | D54: =IF(OR('Reiskosten en presentie'!B23="afwezig",'Reiskosten en presentie'!B23="",'Reiskosten en presentie'!B22=""),"",'Reiskosten en presentie'!E23) | E54: =IF(OR('Reiskosten en presentie'!B23="afwezig",'Reiskosten en presentie'!B23="",'Reiskosten en presentie'!B22=""),"",'Reiskosten en presentie'!F23) | F54: =IF(OR('Reiskosten en presentie'!B23="afwezig",'Reiskosten en presentie'!B23="",'Reiskosten en presentie'!B22=""),"",'Reiskosten en presentie'!G23) | G54: =IF(OR('Reiskosten en presentie'!B23="afwezig",'Reiskosten en presentie'!B23="",'Reiskosten en presentie'!B22=""),"",'Reiskosten en presentie'!H23) | H54: =IF(OR('Reiskosten en presentie'!B23="afwezig",'Reiskosten en presentie'!B23="",'Reiskosten en presentie'!B22=""),"",'Reiskosten en presentie'!I23) | I54: =IF(OR('Reiskosten en presentie'!B23="afwezig",'Reiskosten en presentie'!B23="",'Reiskosten en presentie'!B22=""),"","□") | J54: =IF(OR('Reiskosten en presentie'!B23="afwezig",'Reiskosten en presentie'!B23="",'Reiskosten en presentie'!B22=""),"","controle")
B55: =IF(OR('Reiskosten en presentie'!B23="afwezig",'Reiskosten en presentie'!B23="",'Reiskosten en presentie'!B22=""),"","0001 Kantoorbehoeften") | D55: =IF(OR('Reiskosten en presentie'!B23="afwezig",'Reiskosten en presentie'!B23="",'Reiskosten en presentie'!B22=""),"",'Reiskosten en presentie'!F22+'Reiskosten en presentie'!K22)
B56: =IF(OR('Reiskosten en presentie'!B23="afwezig",'Reiskosten en presentie'!B23="",'Reiskosten en presentie'!B22=""),"","0008 Reiskosten") | D56: =IF(OR('Reiskosten en presentie'!B23="afwezig",'Reiskosten en presentie'!B23="",'Reiskosten en presentie'!B22=""),"",'Reiskosten en presentie'!J22)
A58: =IF(OR('Reiskosten en presentie'!B25="afwezig",'Reiskosten en presentie'!B25="",'Reiskosten en presentie'!B24=""),"","11") | B58: =IF(OR('Reiskosten en presentie'!B25="afwezig",'Reiskosten en presentie'!B25="",'Reiskosten en presentie'!B24=""),"","Naam:") | D58: =IF(OR('Reiskosten en presentie'!B25="afwezig",'Reiskosten en presentie'!B25="",'Reiskosten en presentie'!B24=""),"",'Reiskosten en presentie'!B24)
B59: =IF(OR('Reiskosten en presentie'!B25="afwezig",'Reiskosten en presentie'!B25="",'Reiskosten en presentie'!B24=""),"","Bankrekeningnummer:") | D59: =IF(OR('Reiskosten en presentie'!B25="afwezig",'Reiskosten en presentie'!B25="",'Reiskosten en presentie'!B24=""),"",'Reiskosten en presentie'!E25) | E59: =IF(OR('Reiskosten en presentie'!B25="afwezig",'Reiskosten en presentie'!B25="",'Reiskosten en presentie'!B24=""),"",'Reiskosten en presentie'!F25) | F59: =IF(OR('Reiskosten en presentie'!B25="afwezig",'Reiskosten en presentie'!B25="",'Reiskosten en presentie'!B24=""),"",'Reiskosten en presentie'!G25) | G59: =IF(OR('Reiskosten en presentie'!B25="afwezig",'Reiskosten en presentie'!B25="",'Reiskosten en presentie'!B24=""),"",'Reiskosten en presentie'!H25) | H59: =IF(OR('Reiskosten en presentie'!B25="afwezig",'Reiskosten en presentie'!B25="",'Reiskosten en presentie'!B24=""),"",'Reiskosten en presentie'!I25) | I59: =IF(OR('Reiskosten en presentie'!B25="afwezig",'Reiskosten en presentie'!B25="",'Reiskosten en presentie'!B24=""),"","□") | J59: =IF(OR('Reiskosten en presentie'!B25="afwezig",'Reiskosten en presentie'!B25="",'Reiskosten en presentie'!B24=""),"","controle")
B60: =IF(OR('Reiskosten en presentie'!B25="afwezig",'Reiskosten en presentie'!B25="",'Reiskosten en presentie'!B24=""),"","0001 Kantoorbehoeften") | D60: =IF(OR('Reiskosten en presentie'!B25="afwezig",'Reiskosten en presentie'!B25="",'Reiskosten en presentie'!B24=""),"",'Reiskosten en presentie'!F24+'Reiskosten en presentie'!K24)
B61: =IF(OR('Reiskosten en presentie'!B25="afwezig",'Reiskosten en presentie'!B25="",'Reiskosten en presentie'!B24=""),"","0008 Reiskosten") | D61: =IF(OR('Reiskosten en presentie'!B25="afwezig",'Reiskosten en presentie'!B25="",'Reiskosten en presentie'!B24=""),"",'Reiskosten en presentie'!J24)
A63: =IF(OR('Reiskosten en presentie'!B27="afwezig",'Reiskosten en presentie'!B27="",'Reiskosten en presentie'!B26=""),"","12") | B63: =IF(OR('Reiskosten en presentie'!B27="afwezig",'Reiskosten en presentie'!B27="",'Reiskosten en presentie'!B26=""),"","Naam:") | D63: =IF(OR('Reiskosten en presentie'!B27="afwezig",'Reiskosten en presentie'!B27="",'Reiskosten en presentie'!B26=""),"",'Reiskosten en presentie'!B26)
B64: =IF(OR('Reiskosten en presentie'!B27="afwezig",'Reiskosten en presentie'!B27="",'Reiskosten en presentie'!B26=""),"","Bankrekeningnummer:") | D64: =IF(OR('Reiskosten en presentie'!B27="afwezig",'Reiskosten en presentie'!B27="",'Reiskosten en presentie'!B26=""),"",'Reiskosten en presentie'!E27) | E64: =IF(OR('Reiskosten en presentie'!B27="afwezig",'Reiskosten en presentie'!B27="",'Reiskosten en presentie'!B26=""),"",'Reiskosten en presentie'!F27) | F64: =IF(OR('Reiskosten en presentie'!B27="afwezig",'Reiskosten en presentie'!B27="",'Reiskosten en presentie'!B26=""),"",'Reiskosten en presentie'!G27) | G64: =IF(OR('Reiskosten en presentie'!B27="afwezig",'Reiskosten en presentie'!B27="",'Reiskosten en presentie'!B26=""),"",'Reiskosten en presentie'!H27) | H64: =IF(OR('Reiskosten en presentie'!B27="afwezig",'Reiskosten en presentie'!B27="",'Reiskosten en presentie'!B26=""),"",'Reiskosten en presentie'!I27) | I64: =IF(OR('Reiskosten en presentie'!B27="afwezig",'Reiskosten en presentie'!B27="",'Reiskosten en presentie'!B26=""),"","□") | J64: =IF(OR('Reiskosten en presentie'!B27="afwezig",'Reiskosten en presentie'!B27="",'Reiskosten en presentie'!B26=""),"","controle")
B65: =IF(OR('Reiskosten en presentie'!B27="afwezig",'Reiskosten en presentie'!B27="",'Reiskosten en presentie'!B26=""),"","0001 Kantoorbehoeften") | D65: =IF(OR('Reiskosten en presentie'!B27="afwezig",'Reiskosten en presentie'!B27="",'Reiskosten en presentie'!B26=""),"",'Reiskosten en presentie'!F26+'Reiskosten en presentie'!K26)
B66: =IF(OR('Reiskosten en presentie'!B27="afwezig",'Reiskosten en presentie'!B27="",'Reiskosten en presentie'!B26=""),"","0008 Reiskosten") | D66: =IF(OR('Reiskosten en presentie'!B27="afwezig",'Reiskosten en presentie'!B27="",'Reiskosten en presentie'!B26=""),"",'Reiskosten en presentie'!J26)
A68: =IF(OR('Reiskosten en presentie'!B29="afwezig",'Reiskosten en presentie'!B29="",'Reiskosten en presentie'!B28=""),"","13") | B68: =IF(OR('Reiskosten en presentie'!B29="afwezig",'Reiskosten en presentie'!B29="",'Reiskosten en presentie'!B28=""),"","Naam:") | D68: =IF(OR('Reiskosten en presentie'!B29="afwezig",'Reiskosten en presentie'!B29="",'Reiskosten en presentie'!B28=""),"",'Reiskosten en presentie'!B28)
B69: =IF(OR('Reiskosten en presentie'!B29="afwezig",'Reiskosten en presentie'!B29="",'Reiskosten en presentie'!B28=""),"","Bankrekeningnummer:") | D69: =IF(OR('Reiskosten en presentie'!B29="afwezig",'Reiskosten en presentie'!B29="",'Reiskosten en presentie'!B28=""),"",'Reiskosten en presentie'!E29) | E69: =IF(OR('Reiskosten en presentie'!B29="afwezig",'Reiskosten en presentie'!B29="",'Reiskosten en presentie'!B28=""),"",'Reiskosten en presentie'!F29) | F69: =IF(OR('Reiskosten en presentie'!B29="afwezig",'Reiskosten en presentie'!B29="",'Reiskosten en presentie'!B28=""),"",'Reiskosten en presentie'!G29) | G69: =IF(OR('Reiskosten en presentie'!B29="afwezig",'Reiskosten en presentie'!B29="",'Reiskosten en presentie'!B28=""),"",'Reiskosten en presentie'!H29) | H69: =IF(OR('Reiskosten en presentie'!B29="afwezig",'Reiskosten en presentie'!B29="",'Reiskosten en presentie'!B28=""),"",'Reiskosten en presentie'!I29) | I69: =IF(OR('Reiskosten en presentie'!B29="afwezig",'Reiskosten en presentie'!B29="",'Reiskosten en presentie'!B28=""),"","□") | J69: =IF(OR('Reiskosten en presentie'!B29="afwezig",'Reiskosten en presentie'!B29="",'Reiskosten en presentie'!B28=""),"","controle")
B70: =IF(OR('Reiskosten en presentie'!B29="afwezig",'Reiskosten en presentie'!B29="",'Reiskosten en presentie'!B28=""),"","0001 Kantoorbehoeften") | D70: =IF(OR('Reiskosten en presentie'!B29="afwezig",'Reiskosten en presentie'!B29="",'Reiskosten en presentie'!B28=""),"",'Reiskosten en presentie'!F28+'Reiskosten en presentie'!K28)
B71: =IF(OR('Reiskosten en presentie'!B29="afwezig",'Reiskosten en presentie'!B29="",'Reiskosten en presentie'!B28=""),"","0008 Reiskosten") | D71: =IF(OR('Reiskosten en presentie'!B29="afwezig",'Reiskosten en presentie'!B29="",'Reiskosten en presentie'!B28=""),"",'Reiskosten en presentie'!J28)
A73: =IF(OR('Reiskosten en presentie'!B31="afwezig",'Reiskosten en presentie'!B31="",'Reiskosten en presentie'!B30=""),"","14") | B73: =IF(OR('Reiskosten en presentie'!B31="afwezig",'Reiskosten en presentie'!B31="",'Reiskosten en presentie'!B30=""),"","Naam:") | D73: =IF(OR('Reiskosten en presentie'!B31="afwezig",'Reiskosten en presentie'!B31="",'Reiskosten en presentie'!B30=""),"",'Reiskosten en presentie'!B30)
B74: =IF(OR('Reiskosten en presentie'!B31="afwezig",'Reiskosten en presentie'!B31="",'Reiskosten en presentie'!B30=""),"","Bankrekeningnummer:") | D74: =IF(OR('Reiskosten en presentie'!B31="afwezig",'Reiskosten en presentie'!B31="",'Reiskosten en presentie'!B30=""),"",'Reiskosten en presentie'!E31) | E74: =IF(OR('Reiskosten en presentie'!B31="afwezig",'Reiskosten en presentie'!B31="",'Reiskosten en presentie'!B30=""),"",'Reiskosten en presentie'!F31) | F74: =IF(OR('Reiskosten en presentie'!B31="afwezig",'Reiskosten en presentie'!B31="",'Reiskosten en presentie'!B30=""),"",'Reiskosten en presentie'!G31) | G74: =IF(OR('Reiskosten en presentie'!B31="afwezig",'Reiskosten en presentie'!B31="",'Reiskosten en presentie'!B30=""),"",'Reiskosten en presentie'!H31) | H74: =IF(OR('Reiskosten en presentie'!B31="afwezig",'Reiskosten en presentie'!B31="",'Reiskosten en presentie'!B30=""),"",'Reiskosten en presentie'!I31) | I74: =IF(OR('Reiskosten en presentie'!B31="afwezig",'Reiskosten en presentie'!B31="",'Reiskosten en presentie'!B30=""),"","□") | J74: =IF(OR('Reiskosten en presentie'!B31="afwezig",'Reiskosten en presentie'!B31="",'Reiskosten en presentie'!B30=""),"","controle")
B75: =IF(OR('Reiskosten en presentie'!B31="afwezig",'Reiskosten en presentie'!B31="",'Reiskosten en presentie'!B30=""),"","0001 Kantoorbehoeften") | D75: =IF(OR('Reiskosten en presentie'!B31="afwezig",'Reiskosten en presentie'!B31="",'Reiskosten en presentie'!B30=""),"",'Reiskosten en presentie'!F30+'Reiskosten en presentie'!K30)
B76: =IF(OR('Reiskosten en presentie'!B31="afwezig",'Reiskosten en presentie'!B31="",'Reiskosten en presentie'!B30=""),"","0008 Reiskosten") | D76: =IF(OR('Reiskosten en presentie'!B31="afwezig",'Reiskosten en presentie'!B31="",'Reiskosten en presentie'!B30=""),"",'Reiskosten en presentie'!J30)
A78: =IF(OR('Reiskosten en presentie'!B33="afwezig",'Reiskosten en presentie'!B33="",'Reiskosten en presentie'!B32=""),"","15") | B78: =IF(OR('Reiskosten en presentie'!B33="afwezig",'Reiskosten en presentie'!B33="",'Reiskosten en presentie'!B32=""),"","Naam:") | D78: =IF(OR('Reiskosten en presentie'!B33="afwezig",'Reiskosten en presentie'!B33="",'Reiskosten en presentie'!B32=""),"",'Reiskosten en presentie'!B32)
B79: =IF(OR('Reiskosten en presentie'!B33="afwezig",'Reiskosten en presentie'!B33="",'Reiskosten en presentie'!B32=""),"","Bankrekeningnummer:") | D79: =IF(OR('Reiskosten en presentie'!B33="afwezig",'Reiskosten en presentie'!B33="",'Reiskosten en presentie'!B32=""),"",'Reiskosten en presentie'!E33) | E79: =IF(OR('Reiskosten en presentie'!B33="afwezig",'Reiskosten en presentie'!B33="",'Reiskosten en presentie'!B32=""),"",'Reiskosten en presentie'!F33) | F79: =IF(OR('Reiskosten en presentie'!B33="afwezig",'Reiskosten en presentie'!B33="",'Reiskosten en presentie'!B32=""),"",'Reiskosten en presentie'!G33) | G79: =IF(OR('Reiskosten en presentie'!B33="afwezig",'Reiskosten en presentie'!B33="",'Reiskosten en presentie'!B32=""),"",'Reiskosten en presentie'!H33) | H79: =IF(OR('Reiskosten en presentie'!B33="afwezig",'Reiskosten en presentie'!B33="",'Reiskosten en presentie'!B32=""),"",'Reiskosten en presentie'!I33) | I79: =IF(OR('Reiskosten en presentie'!B33="afwezig",'Reiskosten en presentie'!B33="",'Reiskosten en presentie'!B32=""),"","□") | J79: =IF(OR('Reiskosten en presentie'!B33="afwezig",'Reiskosten en presentie'!B33="",'Reiskosten en presentie'!B32=""),"","controle")
B80: =IF(OR('Reiskosten en presentie'!B33="afwezig",'Reiskosten en presentie'!B33="",'Reiskosten en presentie'!B32=""),"","0001 Kantoorbehoeften") | D80: =IF(OR('Reiskosten en presentie'!B33="afwezig",'Reiskosten en presentie'!B33="",'Reiskosten en presentie'!B32=""),"",'Reiskosten en presentie'!F32+'Reiskosten en presentie'!K32)
B81: =IF(OR('Reiskosten en presentie'!B33="afwezig",'Reiskosten en presentie'!B33="",'Reiskosten en presentie'!B32=""),"","0008 Reiskosten") | D81: =IF(OR('Reiskosten en presentie'!B33="afwezig",'Reiskosten en presentie'!B33="",'Reiskosten en presentie'!B32=""),"",'Reiskosten en presentie'!J32)
A83: =IF(OR('Reiskosten en presentie'!B35="afwezig",'Reiskosten en presentie'!B35="",'Reiskosten en presentie'!B34=""),"","16") | B83: =IF(OR('Reiskosten en presentie'!B35="afwezig",'Reiskosten en presentie'!B35="",'Reiskosten en presentie'!B34=""),"","Naam:") | D83: =IF(OR('Reiskosten en presentie'!B35="afwezig",'Reiskosten en presentie'!B35="",'Reiskosten en presentie'!B34=""),"",'Reiskosten en presentie'!B34)
B84: =IF(OR('Reiskosten en presentie'!B35="afwezig",'Reiskosten en presentie'!B35="",'Reiskosten en presentie'!B34=""),"","Bankrekeningnummer:") | D84: =IF(OR('Reiskosten en presentie'!B35="afwezig",'Reiskosten en presentie'!B35="",'Reiskosten en presentie'!B34=""),"",'Reiskosten en presentie'!E35) | E84: =IF(OR('Reiskosten en presentie'!B35="afwezig",'Reiskosten en presentie'!B35="",'Reiskosten en presentie'!B34=""),"",'Reiskosten en presentie'!F35) | F84: =IF(OR('Reiskosten en presentie'!B35="afwezig",'Reiskosten en presentie'!B35="",'Reiskosten en presentie'!B34=""),"",'Reiskosten en presentie'!G35) | G84: =IF(OR('Reiskosten en presentie'!B35="afwezig",'Reiskosten en presentie'!B35="",'Reiskosten en presentie'!B34=""),"",'Reiskosten en presentie'!H35) | H84: =IF(OR('Reiskosten en presentie'!B35="afwezig",'Reiskosten en presentie'!B35="",'Reiskosten en presentie'!B34=""),"",'Reiskosten en presentie'!I35) | I84: =IF(OR('Reiskosten en presentie'!B35="afwezig",'Reiskosten en presentie'!B35="",'Reiskosten en presentie'!B34=""),"","□") | J84: =IF(OR('Reiskosten en presentie'!B35="afwezig",'Reiskosten en presentie'!B35="",'Reiskosten en presentie'!B34=""),"","controle")
B85: =IF(OR('Reiskosten en presentie'!B35="afwezig",'Reiskosten en presentie'!B35="",'Reiskosten en presentie'!B34=""),"","0001 Kantoorbehoeften") | D85: =IF(OR('Reiskosten en presentie'!B35="afwezig",'Reiskosten en presentie'!B35="",'Reiskosten en presentie'!B34=""),"",'Reiskosten en presentie'!F34+'Reiskosten en presentie'!K34)
B86: =IF(OR('Reiskosten en presentie'!B35="afwezig",'Reiskosten en presentie'!B35="",'Reiskosten en presentie'!B34=""),"","0008 Reiskosten") | D86: =IF(OR('Reiskosten en presentie'!B35="afwezig",'Reiskosten en presentie'!B35="",'Reiskosten en presentie'!B34=""),"",'Reiskosten en presentie'!J34)
A88: =IF(OR('Reiskosten en presentie'!B37="afwezig",'Reiskosten en presentie'!B37="",'Reiskosten en presentie'!B36=""),"","17") | B88: =IF(OR('Reiskosten en presentie'!B37="afwezig",'Reiskosten en presentie'!B37="",'Reiskosten en presentie'!B36=""),"","Naam:") | D88: =IF(OR('Reiskosten en presentie'!B37="afwezig",'Reiskosten en presentie'!B37="",'Reiskosten en presentie'!B36=""),"",'Reiskosten en presentie'!B36)
B89: =IF(OR('Reiskosten en presentie'!B37="afwezig",'Reiskosten en presentie'!B37="",'Reiskosten en presentie'!B36=""),"","Bankrekeningnummer:") | D89: =IF(OR('Reiskosten en presentie'!B37="afwezig",'Reiskosten en presentie'!B37="",'Reiskosten en presentie'!B36=""),"",'Reiskosten en presentie'!E37) | E89: =IF(OR('Reiskosten en presentie'!B37="afwezig",'Reiskosten en presentie'!B37="",'Reiskosten en presentie'!B36=""),"",'Reiskosten en presentie'!F37) | F89: =IF(OR('Reiskosten en presentie'!B37="afwezig",'Reiskosten en presentie'!B37="",'Reiskosten en presentie'!B36=""),"",'Reiskosten en presentie'!G37) | G89: =IF(OR('Reiskosten en presentie'!B37="afwezig",'Reiskosten en presentie'!B37="",'Reiskosten en presentie'!B36=""),"",'Reiskosten en presentie'!H37) | H89: =IF(OR('Reiskosten en presentie'!B37="afwezig",'Reiskosten en presentie'!B37="",'Reiskosten en presentie'!B36=""),"",'Reiskosten en presentie'!I37) | I89: =IF(OR('Reiskosten en presentie'!B37="afwezig",'Reiskosten en presentie'!B37="",'Reiskosten en presentie'!B36=""),"","□") | J89: =IF(OR('Reiskosten en presentie'!B37="afwezig",'Reiskosten en presentie'!B37="",'Reiskosten en presentie'!B36=""),"","controle")
B90: =IF(OR('Reiskosten en presentie'!B37="afwezig",'Reiskosten en presentie'!B37="",'Reiskosten en presentie'!B36=""),"","0001 Kantoorbehoeften") | D90: =IF(OR('Reiskosten en presentie'!B37="afwezig",'Reiskosten en presentie'!B37="",'Reiskosten en presentie'!B36=""),"",'Reiskosten en presentie'!F36+'Reiskosten en presentie'!K36)
B91: =IF(OR('Reiskosten en presentie'!B37="afwezig",'Reiskosten en presentie'!B37="",'Reiskosten en presentie'!B36=""),"","0008 Reiskosten") | D91: =IF(OR('Reiskosten en presentie'!B37="afwezig",'Reiskosten en presentie'!B37="",'Reiskosten en presentie'!B36=""),"",'Reiskosten en presentie'!J36)
A93: =IF(OR('Reiskosten en presentie'!B39="afwezig",'Reiskosten en presentie'!B39="",'Reiskosten en presentie'!B38=""),"","18") | B93: =IF(OR('Reiskosten en presentie'!B39="afwezig",'Reiskosten en presentie'!B39="",'Reiskosten en presentie'!B38=""),"","Naam:") | D93: =IF(OR('Reiskosten en presentie'!B39="afwezig",'Reiskosten en presentie'!B39="",'Reiskosten en presentie'!B38=""),"",'Reiskosten en presentie'!B38)
B94: =IF(OR('Reiskosten en presentie'!B39="afwezig",'Reiskosten en presentie'!B39="",'Reiskosten en presentie'!B38=""),"","Bankrekeningnummer:") | D94: =IF(OR('Reiskosten en presentie'!B39="afwezig",'Reiskosten en presentie'!B39="",'Reiskosten en presentie'!B38=""),"",'Reiskosten en presentie'!E39) | E94: =IF(OR('Reiskosten en presentie'!B39="afwezig",'Reiskosten en presentie'!B39="",'Reiskosten en presentie'!B38=""),"",'Reiskosten en presentie'!F39) | F94: =IF(OR('Reiskosten en presentie'!B39="afwezig",'Reiskosten en presentie'!B39="",'Reiskosten en presentie'!B38=""),"",'Reiskosten en presentie'!G39) | G94: =IF(OR('Reiskosten en presentie'!B39="afwezig",'Reiskosten en presentie'!B39="",'Reiskosten en presentie'!B38=""),"",'Reiskosten en presentie'!H39) | H94: =IF(OR('Reiskosten en presentie'!B39="afwezig",'Reiskosten en presentie'!B39="",'Reiskosten en presentie'!B38=""),"",'Reiskosten en presentie'!I39) | I94: =IF(OR('Reiskosten en presentie'!B39="afwezig",'Reiskosten en presentie'!B39="",'Reiskosten en presentie'!B38=""),"","□") | J94: =IF(OR('Reiskosten en presentie'!B39="afwezig",'Reiskosten en presentie'!B39="",'Reiskosten en presentie'!B38=""),"","controle")
B95: =IF(OR('Reiskosten en presentie'!B39="afwezig",'Reiskosten en presentie'!B39="",'Reiskosten en presentie'!B38=""),"","0001 Kantoorbehoeften") | D95: =IF(OR('Reiskosten en presentie'!B39="afwezig",'Reiskosten en presentie'!B39="",'Reiskosten en presentie'!B38=""),"",'Reiskosten en presentie'!F38+'Reiskosten en presentie'!K38)
B96: =IF(OR('Reiskosten en presentie'!B39="afwezig",'Reiskosten en presentie'!B39="",'Reiskosten en presentie'!B38=""),"","0008 Reiskosten") | D96: =IF(OR('Reiskosten en presentie'!B39="afwezig",'Reiskosten en presentie'!B39="",'Reiskosten en presentie'!B38=""),"",'Reiskosten en presentie'!J38)
A98: =IF(OR('Reiskosten en presentie'!B41="afwezig",'Reiskosten en presentie'!B41="",'Reiskosten en presentie'!B40=""),"","19") | B98: =IF(OR('Reiskosten en presentie'!B41="afwezig",'Reiskosten en presentie'!B41="",'Reiskosten en presentie'!B40=""),"","Naam:") | D98: =IF(OR('Reiskosten en presentie'!B41="afwezig",'Reiskosten en presentie'!B41="",'Reiskosten en presentie'!B40=""),"",'Reiskosten en presentie'!B40)
B99: =IF(OR('Reiskosten en presentie'!B41="afwezig",'Reiskosten en presentie'!B41="",'Reiskosten en presentie'!B40=""),"","Bankrekeningnummer:") | D99: =IF(OR('Reiskosten en presentie'!B41="afwezig",'Reiskosten en presentie'!B41="",'Reiskosten en presentie'!B40=""),"",'Reiskosten en presentie'!E41) | E99: =IF(OR('Reiskosten en presentie'!B41="afwezig",'Reiskosten en presentie'!B41="",'Reiskosten en presentie'!B40=""),"",'Reiskosten en presentie'!F41) | F99: =IF(OR('Reiskosten en presentie'!B41="afwezig",'Reiskosten en presentie'!B41="",'Reiskosten en presentie'!B40=""),"",'Reiskosten en presentie'!G41) | G99: =IF(OR('Reiskosten en presentie'!B41="afwezig",'Reiskosten en presentie'!B41="",'Reiskosten en presentie'!B40=""),"",'Reiskosten en presentie'!H41) | H99: =IF(OR('Reiskosten en presentie'!B41="afwezig",'Reiskosten en presentie'!B41="",'Reiskosten en presentie'!B40=""),"",'Reiskosten en presentie'!I41) | I99: =IF(OR('Reiskosten en presentie'!B41="afwezig",'Reiskosten en presentie'!B41="",'Reiskosten en presentie'!B40=""),"","□") | J99: =IF(OR('Reiskosten en presentie'!B41="afwezig",'Reiskosten en presentie'!B41="",'Reiskosten en presentie'!B40=""),"","controle")
B100: =IF(OR('Reiskosten en presentie'!B41="afwezig",'Reiskosten en presentie'!B41="",'Reiskosten en presentie'!B40=""),"","0001 Kantoorbehoeften") | D100: =IF(OR('Reiskosten en presentie'!B41="afwezig",'Reiskosten en presentie'!B41="",'Reiskosten en presentie'!B40=""),"",'Reiskosten en presentie'!F40+'Reiskosten en presentie'!K40)
B101: =IF(OR('Reiskosten en presentie'!B41="afwezig",'Reiskosten en presentie'!B41="",'Reiskosten en presentie'!B40=""),"","0008 Reiskosten") | D101: =IF(OR('Reiskosten en presentie'!B41="afwezig",'Reiskosten en presentie'!B41="",'Reiskosten en presentie'!B40=""),"",'Reiskosten en presentie'!J40)
A103: =IF(OR('Reiskosten en presentie'!B43="afwezig",'Reiskosten en presentie'!B43="",'Reiskosten en presentie'!B42=""),"","20") | B103: =IF(OR('Reiskosten en presentie'!B43="afwezig",'Reiskosten en presentie'!B43="",'Reiskosten en presentie'!B42=""),"","Naam:") | D103: =IF(OR('Reiskosten en presentie'!B43="afwezig",'Reiskosten en presentie'!B43="",'Reiskosten en presentie'!B42=""),"",'Reiskosten en presentie'!B42)
B104: =IF(OR('Reiskosten en presentie'!B43="afwezig",'Reiskosten en presentie'!B43="",'Reiskosten en presentie'!B42=""),"","Bankrekeningnummer:") | D104: =IF(OR('Reiskosten en presentie'!B43="afwezig",'Reiskosten en presentie'!B43="",'Reiskosten en presentie'!B42=""),"",'Reiskosten en presentie'!E43) | E104: =IF(OR('Reiskosten en presentie'!B43="afwezig",'Reiskosten en presentie'!B43="",'Reiskosten en presentie'!B42=""),"",'Reiskosten en presentie'!F43) | F104: =IF(OR('Reiskosten en presentie'!B43="afwezig",'Reiskosten en presentie'!B43="",'Reiskosten en presentie'!B42=""),"",'Reiskosten en presentie'!G43) | G104: =IF(OR('Reiskosten en presentie'!B43="afwezig",'Reiskosten en presentie'!B43="",'Reiskosten en presentie'!B42=""),"",'Reiskosten en presentie'!H43) | H104: =IF(OR('Reiskosten en presentie'!B43="afwezig",'Reiskosten en presentie'!B43="",'Reiskosten en presentie'!B42=""),"",'Reiskosten en presentie'!I97) | I104: =IF(OR('Reiskosten en presentie'!B43="afwezig",'Reiskosten en presentie'!B43="",'Reiskosten en presentie'!B42=""),"","□") | J104: =IF(OR('Reiskosten en presentie'!B43="afwezig",'Reiskosten en presentie'!B43="",'Reiskosten en presentie'!B42=""),"","controle")
B105: =IF(OR('Reiskosten en presentie'!B43="afwezig",'Reiskosten en presentie'!B43="",'Reiskosten en presentie'!B42=""),"","0001 Kantoorbehoeften") | D105: =IF(OR('Reiskosten en presentie'!B43="afwezig",'Reiskosten en presentie'!B43="",'Reiskosten en presentie'!B42=""),"",'Reiskosten en presentie'!F42+'Reiskosten en presentie'!K42)
B106: =IF(OR('Reiskosten en presentie'!B43="afwezig",'Reiskosten en presentie'!B43="",'Reiskosten en presentie'!B42=""),"","0008 Reiskosten") | D106: =IF(OR('Reiskosten en presentie'!B43="afwezig",'Reiskosten en presentie'!B43="",'Reiskosten en presentie'!B42=""),"",'Reiskosten en presentie'!J42)
A108: =IF(OR('Reiskosten en presentie'!B45="afwezig",'Reiskosten en presentie'!B45="",'Reiskosten en presentie'!B44=""),"","21") | B108: =IF(OR('Reiskosten en presentie'!B45="afwezig",'Reiskosten en presentie'!B45="",'Reiskosten en presentie'!B44=""),"","Naam:") | D108: =IF(OR('Reiskosten en presentie'!B45="afwezig",'Reiskosten en presentie'!B45="",'Reiskosten en presentie'!B44=""),"",'Reiskosten en presentie'!B44)
B109: =IF(OR('Reiskosten en presentie'!B45="afwezig",'Reiskosten en presentie'!B45="",'Reiskosten en presentie'!B44=""),"","Bankrekeningnummer:") | D109: =IF(OR('Reiskosten en presentie'!B45="afwezig",'Reiskosten en presentie'!B45="",'Reiskosten en presentie'!B44=""),"",'Reiskosten en presentie'!E45) | E109: =IF(OR('Reiskosten en presentie'!B45="afwezig",'Reiskosten en presentie'!B45="",'Reiskosten en presentie'!B44=""),"",'Reiskosten en presentie'!F45) | F109: =IF(OR('Reiskosten en presentie'!B45="afwezig",'Reiskosten en presentie'!B45="",'Reiskosten en presentie'!B44=""),"",'Reiskosten en presentie'!G45) | G109: =IF(OR('Reiskosten en presentie'!B45="afwezig",'Reiskosten en presentie'!B45="",'Reiskosten en presentie'!B44=""),"",'Reiskosten en presentie'!H45) | H109: =IF(OR('Reiskosten en presentie'!B45="afwezig",'Reiskosten en presentie'!B45="",'Reiskosten en presentie'!B44=""),"",'Reiskosten en presentie'!I45) | I109: =IF(OR('Reiskosten en presentie'!B45="afwezig",'Reiskosten en presentie'!B45="",'Reiskosten en presentie'!B44=""),"","□") | J109: =IF(OR('Reiskosten en presentie'!B45="afwezig",'Reiskosten en presentie'!B45="",'Reiskosten en presentie'!B44=""),"","controle")
B110: =IF(OR('Reiskosten en presentie'!B45="afwezig",'Reiskosten en presentie'!B45="",'Reiskosten en presentie'!B44=""),"","0001 Kantoorbehoeften") | D110: =IF(OR('Reiskosten en presentie'!B45="afwezig",'Reiskosten en presentie'!B45="",'Reiskosten en presentie'!B44=""),"",'Reiskosten en presentie'!F44+'Reiskosten en presentie'!K44)
B111: =IF(OR('Reiskosten en presentie'!B45="afwezig",'Reiskosten en presentie'!B45="",'Reiskosten en presentie'!B44=""),"","0008 Reiskosten") | D111: =IF(OR('Reiskosten en presentie'!B45="afwezig",'Reiskosten en presentie'!B45="",'Reiskosten en presentie'!B44=""),"",'Reiskosten en presentie'!J44)
A113: =IF(OR('Reiskosten en presentie'!B47="afwezig",'Reiskosten en presentie'!B47="",'Reiskosten en presentie'!B46=""),"","22") | B113: =IF(OR('Reiskosten en presentie'!B47="afwezig",'Reiskosten en presentie'!B47="",'Reiskosten en presentie'!B46=""),"","Naam:") | D113: =IF(OR('Reiskosten en presentie'!B47="afwezig",'Reiskosten en presentie'!B47="",'Reiskosten en presentie'!B46=""),"",'Reiskosten en presentie'!B46)
B114: =IF(OR('Reiskosten en presentie'!B47="afwezig",'Reiskosten en presentie'!B47="",'Reiskosten en presentie'!B46=""),"","Bankrekeningnummer:") | D114: =IF(OR('Reiskosten en presentie'!B47="afwezig",'Reiskosten en presentie'!B47="",'Reiskosten en presentie'!B46=""),"",'Reiskosten en presentie'!E47) | E114: =IF(OR('Reiskosten en presentie'!B47="afwezig",'Reiskosten en presentie'!B47="",'Reiskosten en presentie'!B46=""),"",'Reiskosten en presentie'!F47) | F114: =IF(OR('Reiskosten en presentie'!B47="afwezig",'Reiskosten en presentie'!B47="",'Reiskosten en presentie'!B46=""),"",'Reiskosten en presentie'!G47) | G114: =IF(OR('Reiskosten en presentie'!B47="afwezig",'Reiskosten en presentie'!B47="",'Reiskosten en presentie'!B46=""),"",'Reiskosten en presentie'!H47) | H114: =IF(OR('Reiskosten en presentie'!B47="afwezig",'Reiskosten en presentie'!B47="",'Reiskosten en presentie'!B46=""),"",'Reiskosten en presentie'!I47) | I114: =IF(OR('Reiskosten en presentie'!B47="afwezig",'Reiskosten en presentie'!B47="",'Reiskosten en presentie'!B46=""),"","□") | J114: =IF(OR('Reiskosten en presentie'!B47="afwezig",'Reiskosten en presentie'!B47="",'Reiskosten en presentie'!B46=""),"","controle")
B115: =IF(OR('Reiskosten en presentie'!B47="afwezig",'Reiskosten en presentie'!B47="",'Reiskosten en presentie'!B46=""),"","0001 Kantoorbehoeften") | D115: =IF(OR('Reiskosten en presentie'!B47="afwezig",'Reiskosten en presentie'!B47="",'Reiskosten en presentie'!B46=""),"",'Reiskosten en presentie'!F46+'Reiskosten en presentie'!K46)
B116: =IF(OR('Reiskosten en presentie'!B47="afwezig",'Reiskosten en presentie'!B47="",'Reiskosten en presentie'!B46=""),"","0008 Reiskosten") | D116: =IF(OR('Reiskosten en presentie'!B47="afwezig",'Reiskosten en presentie'!B47="",'Reiskosten en presentie'!B46=""),"",'Reiskosten en presentie'!J46)
A118: =IF(OR('Reiskosten en presentie'!B49="afwezig",'Reiskosten en presentie'!B49="",'Reiskosten en presentie'!B48=""),"","23") | B118: =IF(OR('Reiskosten en presentie'!B49="afwezig",'Reiskosten en presentie'!B49="",'Reiskosten en presentie'!B48=""),"","Naam:") | D118: =IF(OR('Reiskosten en presentie'!B49="afwezig",'Reiskosten en presentie'!B49="",'Reiskosten en presentie'!B48=""),"",'Reiskosten en presentie'!B48)
B119: =IF(OR('Reiskosten en presentie'!B49="afwezig",'Reiskosten en presentie'!B49="",'Reiskosten en presentie'!B48=""),"","Bankrekeningnummer:") | D119: =IF(OR('Reiskosten en presentie'!B49="afwezig",'Reiskosten en presentie'!B49="",'Reiskosten en presentie'!B48=""),"",'Reiskosten en presentie'!E49) | E119: =IF(OR('Reiskosten en presentie'!B49="afwezig",'Reiskosten en presentie'!B49="",'Reiskosten en presentie'!B48=""),"",'Reiskosten en presentie'!F49) | F119: =IF(OR('Reiskosten en presentie'!B49="afwezig",'Reiskosten en presentie'!B49="",'Reiskosten en presentie'!B48=""),"",'Reiskosten en presentie'!G49) | G119: =IF(OR('Reiskosten en presentie'!B49="afwezig",'Reiskosten en presentie'!B49="",'Reiskosten en presentie'!B48=""),"",'Reiskosten en presentie'!H49) | H119: =IF(OR('Reiskosten en presentie'!B49="afwezig",'Reiskosten en presentie'!B49="",'Reiskosten en presentie'!B48=""),"",'Reiskosten en presentie'!I49) | I119: =IF(OR('Reiskosten en presentie'!B49="afwezig",'Reiskosten en presentie'!B49="",'Reiskosten en presentie'!B48=""),"","□") | J119: =IF(OR('Reiskosten en presentie'!B49="afwezig",'Reiskosten en presentie'!B49="",'Reiskosten en presentie'!B48=""),"","controle")
B120: =IF(OR('Reiskosten en presentie'!B49="afwezig",'Reiskosten en presentie'!B49="",'Reiskosten en presentie'!B48=""),"","0001 Kantoorbehoeften") | D120: =IF(OR('Reiskosten en presentie'!B49="afwezig",'Reiskosten en presentie'!B49="",'Reiskosten en presentie'!B48=""),"",'Reiskosten en presentie'!F48+'Reiskosten en presentie'!K48)
B121: =IF(OR('Reiskosten en presentie'!B49="afwezig",'Reiskosten en presentie'!B49="",'Reiskosten en presentie'!B48=""),"","0008 Reiskosten") | D121: =IF(OR('Reiskosten en presentie'!B49="afwezig",'Reiskosten en presentie'!B49="",'Reiskosten en presentie'!B48=""),"",'Reiskosten en presentie'!J48)
A123: =IF(OR('Reiskosten en presentie'!B51="afwezig",'Reiskosten en presentie'!B51="",'Reiskosten en presentie'!B50=""),"","24") | B123: =IF(OR('Reiskosten en presentie'!B51="afwezig",'Reiskosten en presentie'!B51="",'Reiskosten en presentie'!B50=""),"","Naam:") | D123: =IF(OR('Reiskosten en presentie'!B51="afwezig",'Reiskosten en presentie'!B51="",'Reiskosten en presentie'!B50=""),"",'Reiskosten en presentie'!B50)
B124: =IF(OR('Reiskosten en presentie'!B51="afwezig",'Reiskosten en presentie'!B51="",'Reiskosten en presentie'!B50=""),"","Bankrekeningnummer:") | D124: =IF(OR('Reiskosten en presentie'!B51="afwezig",'Reiskosten en presentie'!B51="",'Reiskosten en presentie'!B50=""),"",'Reiskosten en presentie'!E51) | E124: =IF(OR('Reiskosten en presentie'!B51="afwezig",'Reiskosten en presentie'!B51="",'Reiskosten en presentie'!B50=""),"",'Reiskosten en presentie'!F51) | F124: =IF(OR('Reiskosten en presentie'!B51="afwezig",'Reiskosten en presentie'!B51="",'Reiskosten en presentie'!B50=""),"",'Reiskosten en presentie'!G51) | G124: =IF(OR('Reiskosten en presentie'!B51="afwezig",'Reiskosten en presentie'!B51="",'Reiskosten en presentie'!B50=""),"",'Reiskosten en presentie'!H51) | H124: =IF(OR('Reiskosten en presentie'!B51="afwezig",'Reiskosten en presentie'!B51="",'Reiskosten en presentie'!B50=""),"",'Reiskosten en presentie'!I51) | I124: =IF(OR('Reiskosten en presentie'!B51="afwezig",'Reiskosten en presentie'!B51="",'Reiskosten en presentie'!B50=""),"","□") | J124: =IF(OR('Reiskosten en presentie'!B51="afwezig",'Reiskosten en presentie'!B51="",'Reiskosten en presentie'!B50=""),"","controle")
B125: =IF(OR('Reiskosten en presentie'!B51="afwezig",'Reiskosten en presentie'!B51="",'Reiskosten en presentie'!B50=""),"","0001 Kantoorbehoeften") | D125: =IF(OR('Reiskosten en presentie'!B51="afwezig",'Reiskosten en presentie'!B51="",'Reiskosten en presentie'!B50=""),"",'Reiskosten en presentie'!F50+'Reiskosten en presentie'!K50)
...

Sheet Opzoekblad
A1: GB-rekening | B1: Omschrijving | D1: Eerste niveau dropdown | F1: Tweede niveau dropdown | Q1: Derde niveau dropdown
A2: 801 | B2: Itembank BIO kosten | D2: Geleding | F2: Bestuur | G2: Sectie | H2: Kringcoördinatie | I2: Kring | J2: Bestuurscommissie | K2: Project | L2: Redactie | M2: Bureau | N2: Werkgroep | O2: Anders | Q2: BIO | R2: NAT | S2: NASK1 | T2: SCH | U2: NASK2 | V2: TOA
A3: 811 | B3: Redactie NVOX | D3: Bestuur | F3: AB | G3: BIO. | H3: BIO H/V | I3: BIO | J3: ARBO | L3: NVOX | N3: Diagnostische vragen | Q3: Amsterdam H/V | R3: Amsterdam H/V | S3: Amsterdam VMBO | T3: Alkmaar H/V | U3: Amsterdam VMBO | V3: Amsterdam
A4: 814 | B4: Redactie TK | D4: Bestuurscommissie | F4: DB | G4: NAT. | H4: BIO VMBO | I4: NASK1 | J4: Bovenbw | L4: TK | N4: Itembank | Q4: Amsterdam VMBO | R4: Arnhem/Nijmegen H/V | S4: Breda VMBO | T4: Amsterdam/Haarlem H/V | U4: Breda VMBO | V4: Arnhem/Nijmegen
A5: 1101 | B5: Sectie BIO. | D5: Bureau | G5: NLT. | H5: NASK1 VMBO | I5: NASK2 | J5: Duurzaamheid | Q5: Arnhem H/V | R5: Breda H/V | S5: Den Haag VMBO | T5: Arnhem/Nijmegen H/V | U5: Den Haag VMBO | V5: Breda
A6: 1106 | B6: Kringcoördinatie BIO H/V | D6: Kring | G6: SCH. | H6: NASK2 VMBO | I6: NAT | J6: Financiën | Q6: Breda H/V | R6: Den Haag H/V | S6: Friesland VMBO | T6: Breda H/V | U6: Friesland VMBO | V6: Den Haag
A7: 1107 | B7: Kringcoördinatie BIO VMBO | D7: Kringcoördinatie | G7: TECH. | H7: NAT H/V | I7: SCH | J7: Jong NVON | Q7: Den Haag H/V | R7: Eindhoven H/V | S7: Groningen VMBO | T7: Den Haag H/V | U7: Groningen VMBO | V7: Eindhoven
A8: 1127 | B8: Kring BIO Noord H/V | D8: Project | G8: TOA. | H8: SCH H/V | I8: TOA | J8: NVON-Reeks | Q8: Den Haag VMBO | R8: Kennemer H/V | S8: Kennemer VMBO | T8: Eindhoven H/V | U8: Kennemer VMBO | V8: Kennemer
A9: 1128 | B9: Kring BIO Friesland H/V | D9: Redactie | G9: VMBO. | H9: TOA | J9: Onderbw | Q9: Eindhoven H/V | R9: Limburg H/V | S9: Limburg VMBO | T9: Limburg H/V | U9: Limburg VMBO | V9: Limburg
A10: 1129 | B10: Kring BIO Zwolle H/V | D10: Sectie | J10: Ponvon | Q10: Friesland H/V | R10: Noord H/V | S10: Nijmegen VMBO | T10: Noord H/V | U10: Nijmegen VMBO | V10: Noord
A11: 1130 | B11: Kring BIO Oost H/V | D11: Anders | J11: VakbAct | Q11: Friesland VMBO | R11: Oost H/V | S11: Oost Brabant VMBO | T11: Oost H/V | U11: Oost Brabant VMBO | V11: Oost
A12: 1131 | B12: Kring BIO Arnhem H/V | J12: Wet Oriënt | Q12: Gooi-Utrecht H/V | R12: Rijnmond H/V | S12: Oost VMBO | T12: Rotterdam H/V | U12: Oost VMBO | V12: Rijnmond
A13: 1132 | B13: Kring BIO Gooi-Utrecht H/V | Q13: Gouda VMBO | R13: Utrecht H/V | S13: Rijnmond VMBO | T13: Utrecht H/V | U13: Rijnmond VMBO | V13: Utrecht
A14: 1133 | B14: Kring BIO Amsterdam H/V | Q14: Groningen VMBO | R14: Zeeland H/V | S14: Utrecht VMBO | T14: Zeeland H/V | U14: Utrecht VMBO | V14: Zeeland
A15: 1134 | B15: Kring BIO Haarlem H/V | Q15: Haarlem H/V | R15: Zwolle H/V | S15: Zeeland VMBO | T15: Zwolle H/V | U15: Zeeland VMBO | V15: Zwolle
A16: 1135 | B16: Kring BIO Kennemer H/V | Q16: Kennemer H/V | S16: Zwolle VMBO | U16: Zwolle VMBO
A17: 1136 | B17: Kring BIO Rijnland H/V | Q17: Kennemer VMBO
A18: 1137 | B18: Kring BIO Den Haag H/V | Q18: Noord H/V
A19: 1138 | B19: Kring BIO Rijnmond H/V | Q19: Oost Brabant VMBO
A20: 1139 | B20: Kring BIO Zeeland H/V | Q20: Oost Brabant/Noord Limburg H/V
A21: 1140 | B21: Kring BIO Breda H/V | Q21: Oost H/V
A22: 1141 | B22: Kring BIO Eindhoven H/V | Q22: Oost VMBO
A23: 1142 | B23: Kring BIO Oost Brabant/Noord Limburg H/V | Q23: Rijnland H/V
A24: 1143 | B24: Kring BIO Zuid-Limburg H/V | Q24: Rijnmond H/V
A25: 1158 | B25: Kring BIO Groningen VMBO | Q25: Sittard VMBO
A26: 1159 | B26: Kring BIO Friesland VMBO | Q26: Utrecht VMBO
A27: 1160 | B27: Kring BIO Zwolle/Noord Veluwe VMBO | Q27: Venlo VMBO
A28: 1161 | B28: Kring BIO Oost VMBO | Q28: West Brabant VMBO
... A34: 1167 | B34: Kring BIO Den Haag VMBO | Q34: Zwolle/Noord Veluwe VMBO
A35: 1168 | B35: Kring BIO Zeeland VMBO
A36: 1169 | B36: Kring BIO West Brabant VMBO
A37: 1170 | B37: Kring BIO Oost Brabant VMBO
A38: 1171 | B38: Kring BIO Venlo VMBO
A39: 1172 | B39: Kring BIO Sittard VMBO
A40: 1201 | B40: Sectie NAT.
A41: 1206 | B41: Kringcoördinatie NAT H/V
A42: 1207 | B42: Kringcoördinatie NASK1 VMBO
A43: 1221 | B43: Kring NAT Noord H/V
A44: 1222 | B44: Kring NAT Zwolle H/V
A45: 1223 | B45: Kring NAT Oost H/V
A46: 1224 | B46: Kring NAT Arnhem/Nijmegen H/V
... A132: 3007 | B132: Bureau
